[
{
  "model": "blog.post",
  "pk": 372,
  "fields": {
    "title": "Police whose exist rule.",
    "body": "Letter answer wish music. Late natural each town PM price.\nAgree strong find suddenly. Rather often south discover treatment know wrong. Series role difference travel heavy mind.",
    "author": 1,
    "publish": "2023-03-26T09:56:28.921Z",
    "created": "2023-03-26T09:56:28.923Z",
    "updated": "2023-03-27T12:11:43.155Z",
    "slug": "police-whose-exist-rule",
    "status": "PB",
    "postImage": "user_1/postImageg0JrN.jpeg"
  }
},
{
  "model": "blog.post",
  "pk": 373,
  "fields": {
    "title": "Soon production trouble organization now.",
    "body": "Window follow natural smile society. Age east officer man worry tree. Evening out character research executive alone attorney appear.",
    "author": 1,
    "publish": "2023-03-26T09:56:28.970Z",
    "created": "2023-03-26T09:56:28.970Z",
    "updated": "2023-03-27T12:11:43.118Z",
    "slug": "soon-production-trouble-organization-now",
    "status": "PB",
    "postImage": "user_1/postImageeWDhr.jpeg"
  }
},
{
  "model": "blog.post",
  "pk": 374,
  "fields": {
    "title": "Common as music back wait enough lay.",
    "body": "Check beautiful network although style great more. Happen study language affect window place.",
    "author": 1,
    "publish": "2023-03-26T09:56:28.992Z",
    "created": "2023-03-26T09:56:28.992Z",
    "updated": "2023-03-27T12:11:43.078Z",
    "slug": "common-as-music-back-wait-enough-lay",
    "status": "PB",
    "postImage": "user_1/postImageApzpA.jpeg"
  }
},
{
  "model": "blog.post",
  "pk": 375,
  "fields": {
    "title": "Expect see probably here hospital.",
    "body": "Order since number. Employee quickly feel night.\nAdministration media officer floor energy theory. Risk majority yourself social truth because book.",
    "author": 1,
    "publish": "2023-03-26T09:56:29.015Z",
    "created": "2023-03-26T09:56:29.015Z",
    "updated": "2023-03-27T12:11:43.025Z",
    "slug": "expect-see-probably-here-hospital",
    "status": "PB",
    "postImage": "user_1/postImagedMNkW.jpeg"
  }
},
{
  "model": "blog.post",
  "pk": 376,
  "fields": {
    "title": "Wife show various artist.",
    "body": "Although marriage begin behavior employee who. Common whatever Congress form couple down.\nExactly a appear term. Talk phone statement start sea. Per manager look enough oil.",
    "author": 1,
    "publish": "2023-03-26T09:56:29.033Z",
    "created": "2023-03-26T09:56:29.034Z",
    "updated": "2023-03-27T12:11:42.956Z",
    "slug": "wife-show-various-artist",
    "status": "PB",
    "postImage": "user_1/postImage4RLJA.jpeg"
  }
},
{
  "model": "blog.post",
  "pk": 377,
  "fields": {
    "title": "Less executive poor human information become change.",
    "body": "American single apply mouth you environmental. Agreement sea pass prevent trip. Set budget age fast.\nAnyone then sense just plan enter design. Lose practice they what field sure between.",
    "author": 1,
    "publish": "2023-03-26T09:56:29.059Z",
    "created": "2023-03-26T09:56:29.059Z",
    "updated": "2023-03-27T12:11:42.901Z",
    "slug": "less-executive-poor-human-information-become-change",
    "status": "PB",
    "postImage": "user_1/postImagemxbxD.jpeg"
  }
},
{
  "model": "blog.post",
  "pk": 378,
  "fields": {
    "title": "Five he detail prove pressure its.",
    "body": "Boy quality listen above various expert see. Why concern strong specific other major.\nPick security through among from truth best. Open we end.",
    "author": 1,
    "publish": "2023-03-26T09:56:29.088Z",
    "created": "2023-03-26T09:56:29.089Z",
    "updated": "2023-03-27T12:11:42.722Z",
    "slug": "five-he-detail-prove-pressure-its",
    "status": "PB",
    "postImage": "user_1/postImageRwTpo.jpeg"
  }
},
{
  "model": "blog.post",
  "pk": 379,
  "fields": {
    "title": "Level range successful white economic usually.",
    "body": "Interview candidate such ago money kid firm. Major day war begin recognize today follow two. Pull win enjoy thousand laugh authority. Teacher build Mrs few generation section office financial.",
    "author": 1,
    "publish": "2023-03-26T09:56:29.107Z",
    "created": "2023-03-26T09:56:29.107Z",
    "updated": "2023-03-27T12:11:42.636Z",
    "slug": "level-range-successful-white-economic-usually",
    "status": "PB",
    "postImage": "user_1/postImagelX8kX.jpeg"
  }
},
{
  "model": "blog.post",
  "pk": 380,
  "fields": {
    "title": "Style protect itself like rich own security.",
    "body": "Investment inside long sea maybe dream network. Baby customer rich use mention. Free care soon reveal push.",
    "author": 1,
    "publish": "2023-03-26T09:56:29.129Z",
    "created": "2023-03-26T09:56:29.129Z",
    "updated": "2023-03-27T12:11:42.603Z",
    "slug": "style-protect-itself-like-rich-own-security",
    "status": "PB",
    "postImage": "user_1/postImageCX5pR.jpeg"
  }
},
{
  "model": "blog.post",
  "pk": 381,
  "fields": {
    "title": "About wonder deal detail record represent.",
    "body": "Page radio attention doctor college. Control gun name.\nWeight forget final store. Player more thousand claim general including six. Rest four live former end.\nYoung own quickly item growth happen by.",
    "author": 1,
    "publish": "2023-03-26T09:56:29.174Z",
    "created": "2023-03-26T09:56:29.174Z",
    "updated": "2023-03-27T12:11:42.581Z",
    "slug": "about-wonder-deal-detail-record-represent",
    "status": "PB",
    "postImage": "user_1/postImagezkGqN.jpeg"
  }
},
{
  "model": "blog.post",
  "pk": 382,
  "fields": {
    "title": "Share hundred throw water.",
    "body": "Agent single last perhaps teacher worry. Culture edge number eat by.\nRecognize suggest employee reach board long. Often bar camera institution ball. Day shoulder edge most.",
    "author": 1,
    "publish": "2023-03-26T09:56:29.192Z",
    "created": "2023-03-26T09:56:29.192Z",
    "updated": "2023-03-27T12:11:42.536Z",
    "slug": "share-hundred-throw-water",
    "status": "PB",
    "postImage": "user_1/postImagegeNHa.jpeg"
  }
},
{
  "model": "blog.post",
  "pk": 383,
  "fields": {
    "title": "Growth free price small consumer.",
    "body": "Green begin energy himself example live measure. Particularly some explain surface. Design meet since already raise one.",
    "author": 1,
    "publish": "2023-03-26T09:56:29.218Z",
    "created": "2023-03-26T09:56:29.219Z",
    "updated": "2023-03-27T12:11:42.477Z",
    "slug": "growth-free-price-small-consumer",
    "status": "PB",
    "postImage": "user_1/postImageYi5ZQ.jpeg"
  }
},
{
  "model": "blog.post",
  "pk": 384,
  "fields": {
    "title": "Look wide church return apply nation trial.",
    "body": "Once energy season.\nLow recognize course friend threat. Camera price box air matter event Congress.",
    "author": 1,
    "publish": "2023-03-26T09:56:29.236Z",
    "created": "2023-03-26T09:56:29.236Z",
    "updated": "2023-03-27T12:11:42.444Z",
    "slug": "look-wide-church-return-apply-nation-trial",
    "status": "PB",
    "postImage": "user_1/postImagepEJje.jpeg"
  }
},
{
  "model": "blog.post",
  "pk": 385,
  "fields": {
    "title": "Hard relate pass.",
    "body": "Interesting billion voice spring news. Arrive notice spring.\nLetter admit discuss far. Newspaper hear place walk. Artist already it some ready sea chance.",
    "author": 1,
    "publish": "2023-03-26T09:56:29.249Z",
    "created": "2023-03-26T09:56:29.250Z",
    "updated": "2023-03-27T12:11:42.424Z",
    "slug": "hard-relate-pass",
    "status": "PB",
    "postImage": "user_1/postImagev1oEf.jpeg"
  }
},
{
  "model": "blog.post",
  "pk": 386,
  "fields": {
    "title": "Though support might American bank everyone do certain.",
    "body": "Very eat international high race suggest of. Summer bill bar admit either style.",
    "author": 1,
    "publish": "2023-03-26T09:56:29.276Z",
    "created": "2023-03-26T09:56:29.277Z",
    "updated": "2023-03-27T12:11:42.353Z",
    "slug": "though-support-might-american-bank-everyone-do-certain",
    "status": "PB",
    "postImage": "user_1/postImage3J3Mu.jpeg"
  }
},
{
  "model": "blog.post",
  "pk": 387,
  "fields": {
    "title": "Family go up voice book eye.",
    "body": "Blood sound offer imagine your.\nMaybe safe prevent most star. Explain myself life kitchen production.\nType body large name nature garden. Economic involve deal staff tree PM church find.",
    "author": 1,
    "publish": "2023-03-26T09:56:29.302Z",
    "created": "2023-03-26T09:56:29.303Z",
    "updated": "2023-03-27T12:11:42.316Z",
    "slug": "family-go-up-voice-book-eye",
    "status": "PB",
    "postImage": "user_1/postImagekw2jI.jpeg"
  }
},
{
  "model": "blog.post",
  "pk": 388,
  "fields": {
    "title": "City fund trip sign kind.",
    "body": "Too born reach together several here. Entire generation either mention central inside collection.\nCoach affect heavy at seat. My new teach expect defense real wrong.",
    "author": 1,
    "publish": "2023-03-26T09:56:29.325Z",
    "created": "2023-03-26T09:56:29.326Z",
    "updated": "2023-03-27T12:11:42.287Z",
    "slug": "city-fund-trip-sign-kind",
    "status": "PB",
    "postImage": "user_1/postImagekMe6p.jpeg"
  }
},
{
  "model": "blog.post",
  "pk": 389,
  "fields": {
    "title": "Up model road avoid section need.",
    "body": "Collection thought enter artist. Indeed over sister some above machine.\nProcess stay last time camera. Executive wife picture. List claim rule benefit possible.",
    "author": 1,
    "publish": "2023-03-26T09:56:29.341Z",
    "created": "2023-03-26T09:56:29.341Z",
    "updated": "2023-03-27T12:11:42.250Z",
    "slug": "up-model-road-avoid-section-need",
    "status": "PB",
    "postImage": "user_1/postImageeJCSv.jpeg"
  }
},
{
  "model": "blog.post",
  "pk": 390,
  "fields": {
    "title": "Mrs thus side nation.",
    "body": "Husband team month any information million section. Drop work cup take record Democrat ok. Describe where traditional himself fine fall.",
    "author": 1,
    "publish": "2023-03-26T09:56:29.356Z",
    "created": "2023-03-26T09:56:29.357Z",
    "updated": "2023-03-27T12:11:42.216Z",
    "slug": "mrs-thus-side-nation",
    "status": "PB",
    "postImage": "user_1/postImageh1dwu.jpeg"
  }
},
{
  "model": "blog.post",
  "pk": 391,
  "fields": {
    "title": "Drive raise ten understand point.",
    "body": "Board pressure magazine through. Figure commercial summer include his wide sing. Tax worker painting school wall in them. Tell material view and.",
    "author": 1,
    "publish": "2023-03-26T09:56:29.372Z",
    "created": "2023-03-26T09:56:29.373Z",
    "updated": "2023-03-27T12:11:42.194Z",
    "slug": "drive-raise-ten-understand-point",
    "status": "PB",
    "postImage": "user_1/postImageM8VND.jpeg"
  }
},
{
  "model": "blog.post",
  "pk": 392,
  "fields": {
    "title": "Action white have those go.",
    "body": "All anyone face anything task commercial gun mind. Magazine develop true walk.\nExample less common themselves indeed bill. Fire national national stuff. Price detail say shoulder left soon reveal.",
    "author": 1,
    "publish": "2023-03-26T09:56:29.387Z",
    "created": "2023-03-26T09:56:29.388Z",
    "updated": "2023-03-27T12:11:42.165Z",
    "slug": "action-white-have-those-go",
    "status": "PB",
    "postImage": "user_1/postImagejA0jB.jpeg"
  }
},
{
  "model": "blog.post",
  "pk": 393,
  "fields": {
    "title": "Would reveal almost environment.",
    "body": "Police Mr minute particularly time. Truth respond computer might or.\nMember serious never must kitchen. Behavior ahead place model.",
    "author": 1,
    "publish": "2023-03-26T09:56:29.404Z",
    "created": "2023-03-26T09:56:29.405Z",
    "updated": "2023-03-27T12:11:42.133Z",
    "slug": "would-reveal-almost-environment",
    "status": "PB",
    "postImage": "user_1/postImage7Pamr.jpeg"
  }
},
{
  "model": "blog.post",
  "pk": 394,
  "fields": {
    "title": "Avoid general decade suggest.",
    "body": "Its decision available grow risk. Power decade today camera raise bill shake water.\nSometimes though may shake at court agent. Help bag minute modern.",
    "author": 1,
    "publish": "2023-03-26T09:56:29.421Z",
    "created": "2023-03-26T09:56:29.422Z",
    "updated": "2023-03-27T12:11:42.095Z",
    "slug": "avoid-general-decade-suggest",
    "status": "PB",
    "postImage": "user_1/postImage19hfd.jpeg"
  }
},
{
  "model": "blog.post",
  "pk": 395,
  "fields": {
    "title": "Chair building east family international player along.",
    "body": "Know six game. Million author affect. Plan time figure indicate support.\nSeries tough mouth thing if character approach work. Arrive money rise move.",
    "author": 1,
    "publish": "2023-03-26T09:56:29.436Z",
    "created": "2023-03-26T09:56:29.436Z",
    "updated": "2023-03-27T12:11:42.064Z",
    "slug": "chair-building-east-family-international-player-along",
    "status": "PB",
    "postImage": "user_1/postImagewK7w7.jpeg"
  }
},
{
  "model": "blog.post",
  "pk": 396,
  "fields": {
    "title": "Provide next history same education budget common.",
    "body": "Represent economic compare his together candidate.\nJust politics interesting instead best.\nStuff under itself worker bed. View trade plan bill interesting provide.",
    "author": 1,
    "publish": "2023-03-26T09:56:29.452Z",
    "created": "2023-03-26T09:56:29.452Z",
    "updated": "2023-03-27T12:11:42.034Z",
    "slug": "provide-next-history-same-education-budget-common",
    "status": "PB",
    "postImage": "user_1/postImageuJlwk.jpeg"
  }
},
{
  "model": "blog.post",
  "pk": 397,
  "fields": {
    "title": "Style allow with spring play chance simply.",
    "body": "Probably per front project reach Republican begin. Walk special wide. Way leader choice ability.\nStrategy receive behavior do plan.\nMost itself management responsibility assume majority.",
    "author": 1,
    "publish": "2023-03-26T09:56:29.474Z",
    "created": "2023-03-26T09:56:29.475Z",
    "updated": "2023-03-27T12:11:42.006Z",
    "slug": "style-allow-with-spring-play-chance-simply",
    "status": "PB",
    "postImage": "user_1/postImageNao6M.jpeg"
  }
},
{
  "model": "blog.post",
  "pk": 398,
  "fields": {
    "title": "Institution then recent TV maintain thought pretty standard.",
    "body": "Impact ask station reality policy much tell. Among accept positive.\nBlue others maybe decision. Step firm garden practice.",
    "author": 1,
    "publish": "2023-03-26T09:56:29.492Z",
    "created": "2023-03-26T09:56:29.493Z",
    "updated": "2023-03-27T12:11:41.981Z",
    "slug": "institution-then-recent-tv-maintain-thought-pretty-standard",
    "status": "PB",
    "postImage": "user_1/postImagetlN38.jpeg"
  }
},
{
  "model": "blog.post",
  "pk": 399,
  "fields": {
    "title": "Authority debate beat human relationship total run.",
    "body": "News movement effort term. Produce short go sign military believe. Social important husband just service partner.",
    "author": 1,
    "publish": "2023-03-26T09:56:29.526Z",
    "created": "2023-03-26T09:56:29.526Z",
    "updated": "2023-03-27T12:11:41.952Z",
    "slug": "authority-debate-beat-human-relationship-total-run",
    "status": "PB",
    "postImage": "user_1/postImageKggGb.jpeg"
  }
},
{
  "model": "blog.post",
  "pk": 400,
  "fields": {
    "title": "Meet image morning television keep old.",
    "body": "Well pressure those manager plant case mouth. Lay peace growth environmental blood whether maybe. Computer recent treat truth.",
    "author": 1,
    "publish": "2023-03-26T09:56:29.575Z",
    "created": "2023-03-26T09:56:29.575Z",
    "updated": "2023-03-27T12:11:41.928Z",
    "slug": "meet-image-morning-television-keep-old",
    "status": "PB",
    "postImage": "user_1/postImage8zWTy.jpeg"
  }
},
{
  "model": "blog.post",
  "pk": 401,
  "fields": {
    "title": "Cell become wonder federal list.",
    "body": "Analysis direction thousand research rate thank stop final. Work Democrat fish its partner who game. Oil nearly week generation.",
    "author": 1,
    "publish": "2023-03-26T09:56:29.653Z",
    "created": "2023-03-26T09:56:29.653Z",
    "updated": "2023-03-27T12:11:41.901Z",
    "slug": "cell-become-wonder-federal-list",
    "status": "PB",
    "postImage": "user_1/postImagevyU1P.jpeg"
  }
},
{
  "model": "blog.post",
  "pk": 402,
  "fields": {
    "title": "Water lead model leave beautiful us.",
    "body": "Beyond wait human leader production.\nFinancial everything style wear down authority. Could each unit. Fall your gun could whole conference.\nPrice view fine.",
    "author": 1,
    "publish": "2023-03-26T09:56:29.795Z",
    "created": "2023-03-26T09:56:29.795Z",
    "updated": "2023-03-27T12:11:41.869Z",
    "slug": "water-lead-model-leave-beautiful-us",
    "status": "PB",
    "postImage": "user_1/postImageM2Bbd.jpeg"
  }
},
{
  "model": "blog.post",
  "pk": 403,
  "fields": {
    "title": "Worker appear situation rate return building off.",
    "body": "Ground where admit sometimes rest born. Build camera provide media grow financial anyone court.\nThroughout thousand control letter fly seek water. Gun reality seat that only suggest.",
    "author": 1,
    "publish": "2023-03-26T09:56:29.883Z",
    "created": "2023-03-26T09:56:29.884Z",
    "updated": "2023-03-27T12:11:41.833Z",
    "slug": "worker-appear-situation-rate-return-building-off",
    "status": "PB",
    "postImage": "user_1/postImageUr054.jpeg"
  }
},
{
  "model": "blog.post",
  "pk": 404,
  "fields": {
    "title": "Building skill hope job.",
    "body": "Bar decision gas five want free action. Position book case movie ability good responsibility.\nThing to study throw. Spring plan name when music fund. My all idea serious television begin west.",
    "author": 1,
    "publish": "2023-03-26T09:56:29.923Z",
    "created": "2023-03-26T09:56:29.923Z",
    "updated": "2023-03-27T12:11:41.802Z",
    "slug": "building-skill-hope-job",
    "status": "PB",
    "postImage": "user_1/postImageae0I4.jpeg"
  }
},
{
  "model": "blog.post",
  "pk": 405,
  "fields": {
    "title": "Maybe nothing travel successful fish life.",
    "body": "Happy because force road read media key. Boy likely low officer. Increase dark address nearly production.",
    "author": 1,
    "publish": "2023-03-26T09:56:30.167Z",
    "created": "2023-03-26T09:56:30.188Z",
    "updated": "2023-03-27T12:11:41.727Z",
    "slug": "maybe-nothing-travel-successful-fish-life",
    "status": "PB",
    "postImage": "user_1/postImageGPbdT.jpeg"
  }
},
{
  "model": "blog.post",
  "pk": 406,
  "fields": {
    "title": "Minute authority experience piece.",
    "body": "Whose management itself since. Bank truth car house.\nBoard cover save above western act. Reduce system hand way security. Fish movement magazine carry claim there trial.",
    "author": 1,
    "publish": "2023-03-26T09:56:30.216Z",
    "created": "2023-03-26T09:56:30.216Z",
    "updated": "2023-03-27T12:11:41.626Z",
    "slug": "minute-authority-experience-piece",
    "status": "PB",
    "postImage": "user_1/postImageWYDwG.jpeg"
  }
},
{
  "model": "blog.post",
  "pk": 407,
  "fields": {
    "title": "Bag certainly party value.",
    "body": "Available test floor hotel give compare. Check production husband summer although region.\nMany himself turn treatment. Security seven from number director rich.",
    "author": 1,
    "publish": "2023-03-26T09:56:30.239Z",
    "created": "2023-03-26T09:56:30.239Z",
    "updated": "2023-03-27T12:11:41.584Z",
    "slug": "bag-certainly-party-value",
    "status": "PB",
    "postImage": "user_1/postImageSncQT.jpeg"
  }
},
{
  "model": "blog.post",
  "pk": 408,
  "fields": {
    "title": "Against close answer shoulder result out move fish.",
    "body": "Front cause member dark. Eight throughout of tonight. Need opportunity cause father there use. What seat too western fire discover certain theory.",
    "author": 1,
    "publish": "2023-03-26T09:56:30.260Z",
    "created": "2023-03-26T09:56:30.261Z",
    "updated": "2023-03-27T12:11:41.551Z",
    "slug": "against-close-answer-shoulder-result-out-move-fish",
    "status": "PB",
    "postImage": "user_1/postImagel1I3w.jpeg"
  }
},
{
  "model": "blog.post",
  "pk": 409,
  "fields": {
    "title": "Red listen power part score.",
    "body": "Until compare throw score our hair treat nation. Position enough price several entire. Provide imagine suffer talk day. They thing try wonder.",
    "author": 1,
    "publish": "2023-03-26T09:56:30.292Z",
    "created": "2023-03-26T09:56:30.293Z",
    "updated": "2023-03-27T12:11:41.489Z",
    "slug": "red-listen-power-part-score",
    "status": "PB",
    "postImage": "user_1/postImage4KJim.jpeg"
  }
},
{
  "model": "blog.post",
  "pk": 410,
  "fields": {
    "title": "Cut song few.",
    "body": "Purpose process agent worker. Open ready recognize foot yard.\nIndustry long career wait. Each clear my federal Mrs. Many economy administration arm.",
    "author": 1,
    "publish": "2023-03-26T09:56:30.346Z",
    "created": "2023-03-26T09:56:30.347Z",
    "updated": "2023-03-27T12:11:41.387Z",
    "slug": "cut-song-few",
    "status": "PB",
    "postImage": "user_1/postImageKLJeF.jpeg"
  }
},
{
  "model": "blog.post",
  "pk": 411,
  "fields": {
    "title": "There research wind research yard notice.",
    "body": "International total still class of. Foreign strong necessary thank something left. Cause become yourself.\nEnough budget ten society her recently house. Several appear executive race.",
    "author": 1,
    "publish": "2023-03-26T09:56:30.367Z",
    "created": "2023-03-26T09:56:30.367Z",
    "updated": "2023-03-27T12:11:41.324Z",
    "slug": "there-research-wind-research-yard-notice",
    "status": "PB",
    "postImage": "user_1/postImageWvRsb.jpeg"
  }
},
{
  "model": "blog.post",
  "pk": 412,
  "fields": {
    "title": "markdown post",
    "body": "This is a post formatted with markdown\r\n--------------------------------------\r\n*This is emphasized* and **this is more emphasized**.\r\nHere is a list:\r\n* One\r\n* Two\r\n* Three\r\nAnd a [link to the Django website](https://www.djangoproject.com/).",
    "author": 1,
    "publish": "2023-03-28T16:13:01Z",
    "created": "2023-03-28T16:16:01.556Z",
    "updated": "2023-03-28T16:16:01.556Z",
    "slug": "markdown-post",
    "status": "PB",
    "postImage": "user_1/postImage.jpeg"
  }
},
{
  "model": "blog.comment",
  "pk": 1,
  "fields": {
    "post": 409,
    "name": "@matata",
    "email": "x@mailer.com",
    "body": "good post",
    "created": "2023-03-27T09:41:20.499Z",
    "updated": "2023-03-27T09:41:20.500Z",
    "active": true
  }
},
{
  "model": "blog.comment",
  "pk": 2,
  "fields": {
    "post": 409,
    "name": "@matata",
    "email": "mailer@mailer.com",
    "body": "very good post any one else",
    "created": "2023-03-27T09:41:58.138Z",
    "updated": "2023-03-27T09:41:58.138Z",
    "active": true
  }
},
{
  "model": "easy_thumbnails.source",
  "pk": 1,
  "fields": {
    "storage_hash": "f9bde26a1556cd667f742bd34ec7c55e",
    "name": "user_1/postImageSVP6E.jpg",
    "modified": "2023-03-26T06:03:54.007Z"
  }
},
{
  "model": "easy_thumbnails.source",
  "pk": 2,
  "fields": {
    "storage_hash": "f9bde26a1556cd667f742bd34ec7c55e",
    "name": "user_1/postImageX1Pbg.jpg",
    "modified": "2023-03-26T06:03:54.163Z"
  }
},
{
  "model": "easy_thumbnails.source",
  "pk": 3,
  "fields": {
    "storage_hash": "f9bde26a1556cd667f742bd34ec7c55e",
    "name": "user_1/postImageQaDIJ.jpg",
    "modified": "2023-03-26T06:03:54.366Z"
  }
},
{
  "model": "easy_thumbnails.source",
  "pk": 4,
  "fields": {
    "storage_hash": "f9bde26a1556cd667f742bd34ec7c55e",
    "name": "user_1/postImageXCknp.jpg",
    "modified": "2023-03-26T06:03:54.561Z"
  }
},
{
  "model": "easy_thumbnails.source",
  "pk": 5,
  "fields": {
    "storage_hash": "f9bde26a1556cd667f742bd34ec7c55e",
    "name": "user_1/postImageKPgJe.jpg",
    "modified": "2023-03-26T06:03:54.693Z"
  }
},
{
  "model": "easy_thumbnails.source",
  "pk": 6,
  "fields": {
    "storage_hash": "f9bde26a1556cd667f742bd34ec7c55e",
    "name": "user_1/postImageHAiOJ.jpg",
    "modified": "2023-03-26T08:31:20.988Z"
  }
},
{
  "model": "easy_thumbnails.source",
  "pk": 7,
  "fields": {
    "storage_hash": "f9bde26a1556cd667f742bd34ec7c55e",
    "name": "user_1/postImage.jpg",
    "modified": "2023-03-26T08:35:29.607Z"
  }
},
{
  "model": "easy_thumbnails.source",
  "pk": 8,
  "fields": {
    "storage_hash": "f9bde26a1556cd667f742bd34ec7c55e",
    "name": "user_1/postImageOptF2.jpg",
    "modified": "2023-03-26T09:23:31.729Z"
  }
},
{
  "model": "easy_thumbnails.source",
  "pk": 9,
  "fields": {
    "storage_hash": "f9bde26a1556cd667f742bd34ec7c55e",
    "name": "user_1/postImageygaJR.jpg",
    "modified": "2023-03-26T09:23:31.846Z"
  }
},
{
  "model": "easy_thumbnails.source",
  "pk": 10,
  "fields": {
    "storage_hash": "f9bde26a1556cd667f742bd34ec7c55e",
    "name": "user_1/postImageKCSmQ.jpg",
    "modified": "2023-03-26T09:23:31.893Z"
  }
},
{
  "model": "easy_thumbnails.source",
  "pk": 11,
  "fields": {
    "storage_hash": "f9bde26a1556cd667f742bd34ec7c55e",
    "name": "user_1/postImagerL7pY.jpg",
    "modified": "2023-03-26T09:23:32.037Z"
  }
},
{
  "model": "easy_thumbnails.source",
  "pk": 12,
  "fields": {
    "storage_hash": "f9bde26a1556cd667f742bd34ec7c55e",
    "name": "user_1/postImage04OA9.jpg",
    "modified": "2023-03-26T09:23:32.241Z"
  }
},
{
  "model": "easy_thumbnails.source",
  "pk": 13,
  "fields": {
    "storage_hash": "f9bde26a1556cd667f742bd34ec7c55e",
    "name": "user_1/postImage7C79e.jpg",
    "modified": "2023-03-26T09:43:37.568Z"
  }
},
{
  "model": "easy_thumbnails.source",
  "pk": 14,
  "fields": {
    "storage_hash": "f9bde26a1556cd667f742bd34ec7c55e",
    "name": "user_1/postImage3NBih.jpg",
    "modified": "2023-03-26T09:43:37.613Z"
  }
},
{
  "model": "easy_thumbnails.source",
  "pk": 15,
  "fields": {
    "storage_hash": "f9bde26a1556cd667f742bd34ec7c55e",
    "name": "user_1/postImagetsAqg.jpg",
    "modified": "2023-03-26T09:43:37.655Z"
  }
},
{
  "model": "easy_thumbnails.source",
  "pk": 16,
  "fields": {
    "storage_hash": "f9bde26a1556cd667f742bd34ec7c55e",
    "name": "user_1/postImage5RNpm.jpg",
    "modified": "2023-03-26T09:43:37.701Z"
  }
},
{
  "model": "easy_thumbnails.source",
  "pk": 17,
  "fields": {
    "storage_hash": "f9bde26a1556cd667f742bd34ec7c55e",
    "name": "user_1/postImagelBAFH.jpg",
    "modified": "2023-03-26T09:43:37.757Z"
  }
},
{
  "model": "easy_thumbnails.source",
  "pk": 18,
  "fields": {
    "storage_hash": "f9bde26a1556cd667f742bd34ec7c55e",
    "name": "user_1/postImageWvRsb.jpeg",
    "modified": "2023-03-26T09:56:35.473Z"
  }
},
{
  "model": "easy_thumbnails.source",
  "pk": 19,
  "fields": {
    "storage_hash": "f9bde26a1556cd667f742bd34ec7c55e",
    "name": "user_1/postImageKLJeF.jpeg",
    "modified": "2023-03-26T09:56:35.552Z"
  }
},
{
  "model": "easy_thumbnails.source",
  "pk": 20,
  "fields": {
    "storage_hash": "f9bde26a1556cd667f742bd34ec7c55e",
    "name": "user_1/postImage4KJim.jpeg",
    "modified": "2023-03-26T09:56:35.603Z"
  }
},
{
  "model": "easy_thumbnails.source",
  "pk": 21,
  "fields": {
    "storage_hash": "f9bde26a1556cd667f742bd34ec7c55e",
    "name": "user_1/postImagel1I3w.jpeg",
    "modified": "2023-03-26T09:56:35.662Z"
  }
},
{
  "model": "easy_thumbnails.source",
  "pk": 22,
  "fields": {
    "storage_hash": "f9bde26a1556cd667f742bd34ec7c55e",
    "name": "user_1/postImageSncQT.jpeg",
    "modified": "2023-03-26T09:56:35.719Z"
  }
},
{
  "model": "easy_thumbnails.thumbnail",
  "pk": 1,
  "fields": {
    "storage_hash": "d26becbf46ac48eda79c7a39a13a02dd",
    "name": "user_1/postImageSVP6E.jpg.300x300_q85.jpg",
    "modified": "2023-03-26T05:42:37.881Z",
    "source": 1
  }
},
{
  "model": "easy_thumbnails.thumbnail",
  "pk": 2,
  "fields": {
    "storage_hash": "d26becbf46ac48eda79c7a39a13a02dd",
    "name": "user_1/postImageX1Pbg.jpg.300x300_q85.jpg",
    "modified": "2023-03-26T05:42:38.014Z",
    "source": 2
  }
},
{
  "model": "easy_thumbnails.thumbnail",
  "pk": 3,
  "fields": {
    "storage_hash": "d26becbf46ac48eda79c7a39a13a02dd",
    "name": "user_1/postImageQaDIJ.jpg.300x300_q85.jpg",
    "modified": "2023-03-26T05:42:38.192Z",
    "source": 3
  }
},
{
  "model": "easy_thumbnails.thumbnail",
  "pk": 4,
  "fields": {
    "storage_hash": "d26becbf46ac48eda79c7a39a13a02dd",
    "name": "user_1/postImageXCknp.jpg.300x300_q85.jpg",
    "modified": "2023-03-26T05:42:38.347Z",
    "source": 4
  }
},
{
  "model": "easy_thumbnails.thumbnail",
  "pk": 5,
  "fields": {
    "storage_hash": "d26becbf46ac48eda79c7a39a13a02dd",
    "name": "user_1/postImageKPgJe.jpg.300x300_q85.jpg",
    "modified": "2023-03-26T05:42:38.434Z",
    "source": 5
  }
},
{
  "model": "easy_thumbnails.thumbnail",
  "pk": 6,
  "fields": {
    "storage_hash": "d26becbf46ac48eda79c7a39a13a02dd",
    "name": "user_1/postImageSVP6E.jpg.300x600_q85.jpg",
    "modified": "2023-03-26T05:43:10.187Z",
    "source": 1
  }
},
{
  "model": "easy_thumbnails.thumbnail",
  "pk": 7,
  "fields": {
    "storage_hash": "d26becbf46ac48eda79c7a39a13a02dd",
    "name": "user_1/postImageX1Pbg.jpg.300x600_q85.jpg",
    "modified": "2023-03-26T05:43:10.264Z",
    "source": 2
  }
},
{
  "model": "easy_thumbnails.thumbnail",
  "pk": 8,
  "fields": {
    "storage_hash": "d26becbf46ac48eda79c7a39a13a02dd",
    "name": "user_1/postImageQaDIJ.jpg.300x600_q85.jpg",
    "modified": "2023-03-26T05:43:10.349Z",
    "source": 3
  }
},
{
  "model": "easy_thumbnails.thumbnail",
  "pk": 9,
  "fields": {
    "storage_hash": "d26becbf46ac48eda79c7a39a13a02dd",
    "name": "user_1/postImageXCknp.jpg.300x600_q85.jpg",
    "modified": "2023-03-26T05:43:10.479Z",
    "source": 4
  }
},
{
  "model": "easy_thumbnails.thumbnail",
  "pk": 10,
  "fields": {
    "storage_hash": "d26becbf46ac48eda79c7a39a13a02dd",
    "name": "user_1/postImageKPgJe.jpg.300x600_q85.jpg",
    "modified": "2023-03-26T05:43:10.552Z",
    "source": 5
  }
},
{
  "model": "easy_thumbnails.thumbnail",
  "pk": 11,
  "fields": {
    "storage_hash": "d26becbf46ac48eda79c7a39a13a02dd",
    "name": "user_1/postImageSVP6E.jpg.1300x300_q85.jpg",
    "modified": "2023-03-26T05:43:20.836Z",
    "source": 1
  }
},
{
  "model": "easy_thumbnails.thumbnail",
  "pk": 12,
  "fields": {
    "storage_hash": "d26becbf46ac48eda79c7a39a13a02dd",
    "name": "user_1/postImageX1Pbg.jpg.1300x300_q85.jpg",
    "modified": "2023-03-26T05:43:20.948Z",
    "source": 2
  }
},
{
  "model": "easy_thumbnails.thumbnail",
  "pk": 13,
  "fields": {
    "storage_hash": "d26becbf46ac48eda79c7a39a13a02dd",
    "name": "user_1/postImageQaDIJ.jpg.1300x300_q85.jpg",
    "modified": "2023-03-26T05:43:21.056Z",
    "source": 3
  }
},
{
  "model": "easy_thumbnails.thumbnail",
  "pk": 14,
  "fields": {
    "storage_hash": "d26becbf46ac48eda79c7a39a13a02dd",
    "name": "user_1/postImageXCknp.jpg.1300x300_q85.jpg",
    "modified": "2023-03-26T05:43:21.141Z",
    "source": 4
  }
},
{
  "model": "easy_thumbnails.thumbnail",
  "pk": 15,
  "fields": {
    "storage_hash": "d26becbf46ac48eda79c7a39a13a02dd",
    "name": "user_1/postImageKPgJe.jpg.1300x300_q85.jpg",
    "modified": "2023-03-26T05:43:21.260Z",
    "source": 5
  }
},
{
  "model": "easy_thumbnails.thumbnail",
  "pk": 16,
  "fields": {
    "storage_hash": "d26becbf46ac48eda79c7a39a13a02dd",
    "name": "user_1/postImageSVP6E.jpg.3300x300_q85.jpg",
    "modified": "2023-03-26T05:43:41.590Z",
    "source": 1
  }
},
{
  "model": "easy_thumbnails.thumbnail",
  "pk": 17,
  "fields": {
    "storage_hash": "d26becbf46ac48eda79c7a39a13a02dd",
    "name": "user_1/postImageX1Pbg.jpg.3300x300_q85.jpg",
    "modified": "2023-03-26T05:43:41.771Z",
    "source": 2
  }
},
{
  "model": "easy_thumbnails.thumbnail",
  "pk": 18,
  "fields": {
    "storage_hash": "d26becbf46ac48eda79c7a39a13a02dd",
    "name": "user_1/postImageQaDIJ.jpg.3300x300_q85.jpg",
    "modified": "2023-03-26T05:43:41.858Z",
    "source": 3
  }
},
{
  "model": "easy_thumbnails.thumbnail",
  "pk": 19,
  "fields": {
    "storage_hash": "d26becbf46ac48eda79c7a39a13a02dd",
    "name": "user_1/postImageXCknp.jpg.3300x300_q85.jpg",
    "modified": "2023-03-26T05:43:42.351Z",
    "source": 4
  }
},
{
  "model": "easy_thumbnails.thumbnail",
  "pk": 20,
  "fields": {
    "storage_hash": "d26becbf46ac48eda79c7a39a13a02dd",
    "name": "user_1/postImageKPgJe.jpg.3300x300_q85.jpg",
    "modified": "2023-03-26T05:43:42.650Z",
    "source": 5
  }
},
{
  "model": "easy_thumbnails.thumbnail",
  "pk": 21,
  "fields": {
    "storage_hash": "d26becbf46ac48eda79c7a39a13a02dd",
    "name": "user_1/postImageSVP6E.jpg.3300x1300_q85.jpg",
    "modified": "2023-03-26T05:44:02.117Z",
    "source": 1
  }
},
{
  "model": "easy_thumbnails.thumbnail",
  "pk": 22,
  "fields": {
    "storage_hash": "d26becbf46ac48eda79c7a39a13a02dd",
    "name": "user_1/postImageX1Pbg.jpg.3300x1300_q85.jpg",
    "modified": "2023-03-26T05:44:02.206Z",
    "source": 2
  }
},
{
  "model": "easy_thumbnails.thumbnail",
  "pk": 23,
  "fields": {
    "storage_hash": "d26becbf46ac48eda79c7a39a13a02dd",
    "name": "user_1/postImageQaDIJ.jpg.3300x1300_q85.jpg",
    "modified": "2023-03-26T05:44:02.337Z",
    "source": 3
  }
},
{
  "model": "easy_thumbnails.thumbnail",
  "pk": 24,
  "fields": {
    "storage_hash": "d26becbf46ac48eda79c7a39a13a02dd",
    "name": "user_1/postImageXCknp.jpg.3300x1300_q85.jpg",
    "modified": "2023-03-26T05:44:02.452Z",
    "source": 4
  }
},
{
  "model": "easy_thumbnails.thumbnail",
  "pk": 25,
  "fields": {
    "storage_hash": "d26becbf46ac48eda79c7a39a13a02dd",
    "name": "user_1/postImageKPgJe.jpg.3300x1300_q85.jpg",
    "modified": "2023-03-26T05:44:02.636Z",
    "source": 5
  }
},
{
  "model": "easy_thumbnails.thumbnail",
  "pk": 26,
  "fields": {
    "storage_hash": "d26becbf46ac48eda79c7a39a13a02dd",
    "name": "user_1/postImageSVP6E.jpg.300x1300_q85.jpg",
    "modified": "2023-03-26T05:44:21.300Z",
    "source": 1
  }
},
{
  "model": "easy_thumbnails.thumbnail",
  "pk": 27,
  "fields": {
    "storage_hash": "d26becbf46ac48eda79c7a39a13a02dd",
    "name": "user_1/postImageX1Pbg.jpg.300x1300_q85.jpg",
    "modified": "2023-03-26T05:44:22.004Z",
    "source": 2
  }
},
{
  "model": "easy_thumbnails.thumbnail",
  "pk": 28,
  "fields": {
    "storage_hash": "d26becbf46ac48eda79c7a39a13a02dd",
    "name": "user_1/postImageQaDIJ.jpg.300x1300_q85.jpg",
    "modified": "2023-03-26T05:44:22.372Z",
    "source": 3
  }
},
{
  "model": "easy_thumbnails.thumbnail",
  "pk": 29,
  "fields": {
    "storage_hash": "d26becbf46ac48eda79c7a39a13a02dd",
    "name": "user_1/postImageXCknp.jpg.300x1300_q85.jpg",
    "modified": "2023-03-26T05:44:22.849Z",
    "source": 4
  }
},
{
  "model": "easy_thumbnails.thumbnail",
  "pk": 30,
  "fields": {
    "storage_hash": "d26becbf46ac48eda79c7a39a13a02dd",
    "name": "user_1/postImageKPgJe.jpg.300x1300_q85.jpg",
    "modified": "2023-03-26T05:44:23.033Z",
    "source": 5
  }
},
{
  "model": "easy_thumbnails.thumbnail",
  "pk": 31,
  "fields": {
    "storage_hash": "d26becbf46ac48eda79c7a39a13a02dd",
    "name": "user_1/postImageSVP6E.jpg.1000x1000_q85.jpg",
    "modified": "2023-03-26T05:44:41.332Z",
    "source": 1
  }
},
{
  "model": "easy_thumbnails.thumbnail",
  "pk": 32,
  "fields": {
    "storage_hash": "d26becbf46ac48eda79c7a39a13a02dd",
    "name": "user_1/postImageX1Pbg.jpg.1000x1000_q85.jpg",
    "modified": "2023-03-26T05:44:41.434Z",
    "source": 2
  }
},
{
  "model": "easy_thumbnails.thumbnail",
  "pk": 33,
  "fields": {
    "storage_hash": "d26becbf46ac48eda79c7a39a13a02dd",
    "name": "user_1/postImageQaDIJ.jpg.1000x1000_q85.jpg",
    "modified": "2023-03-26T05:44:41.551Z",
    "source": 3
  }
},
{
  "model": "easy_thumbnails.thumbnail",
  "pk": 34,
  "fields": {
    "storage_hash": "d26becbf46ac48eda79c7a39a13a02dd",
    "name": "user_1/postImageXCknp.jpg.1000x1000_q85.jpg",
    "modified": "2023-03-26T05:44:41.735Z",
    "source": 4
  }
},
{
  "model": "easy_thumbnails.thumbnail",
  "pk": 35,
  "fields": {
    "storage_hash": "d26becbf46ac48eda79c7a39a13a02dd",
    "name": "user_1/postImageKPgJe.jpg.1000x1000_q85.jpg",
    "modified": "2023-03-26T05:44:41.877Z",
    "source": 5
  }
},
{
  "model": "easy_thumbnails.thumbnail",
  "pk": 36,
  "fields": {
    "storage_hash": "d26becbf46ac48eda79c7a39a13a02dd",
    "name": "user_1/postImageSVP6E.jpg.100x1000_q85.jpg",
    "modified": "2023-03-26T05:44:52.498Z",
    "source": 1
  }
},
{
  "model": "easy_thumbnails.thumbnail",
  "pk": 37,
  "fields": {
    "storage_hash": "d26becbf46ac48eda79c7a39a13a02dd",
    "name": "user_1/postImageX1Pbg.jpg.100x1000_q85.jpg",
    "modified": "2023-03-26T05:44:52.699Z",
    "source": 2
  }
},
{
  "model": "easy_thumbnails.thumbnail",
  "pk": 38,
  "fields": {
    "storage_hash": "d26becbf46ac48eda79c7a39a13a02dd",
    "name": "user_1/postImageQaDIJ.jpg.100x1000_q85.jpg",
    "modified": "2023-03-26T05:44:52.837Z",
    "source": 3
  }
},
{
  "model": "easy_thumbnails.thumbnail",
  "pk": 39,
  "fields": {
    "storage_hash": "d26becbf46ac48eda79c7a39a13a02dd",
    "name": "user_1/postImageXCknp.jpg.100x1000_q85.jpg",
    "modified": "2023-03-26T05:44:52.955Z",
    "source": 4
  }
},
{
  "model": "easy_thumbnails.thumbnail",
  "pk": 40,
  "fields": {
    "storage_hash": "d26becbf46ac48eda79c7a39a13a02dd",
    "name": "user_1/postImageKPgJe.jpg.100x1000_q85.jpg",
    "modified": "2023-03-26T05:44:53.019Z",
    "source": 5
  }
},
{
  "model": "easy_thumbnails.thumbnail",
  "pk": 41,
  "fields": {
    "storage_hash": "d26becbf46ac48eda79c7a39a13a02dd",
    "name": "user_1/postImageSVP6E.jpg.600x1000_q85.jpg",
    "modified": "2023-03-26T05:45:05.116Z",
    "source": 1
  }
},
{
  "model": "easy_thumbnails.thumbnail",
  "pk": 42,
  "fields": {
    "storage_hash": "d26becbf46ac48eda79c7a39a13a02dd",
    "name": "user_1/postImageX1Pbg.jpg.600x1000_q85.jpg",
    "modified": "2023-03-26T05:45:05.422Z",
    "source": 2
  }
},
{
  "model": "easy_thumbnails.thumbnail",
  "pk": 43,
  "fields": {
    "storage_hash": "d26becbf46ac48eda79c7a39a13a02dd",
    "name": "user_1/postImageQaDIJ.jpg.600x1000_q85.jpg",
    "modified": "2023-03-26T05:45:05.581Z",
    "source": 3
  }
},
{
  "model": "easy_thumbnails.thumbnail",
  "pk": 44,
  "fields": {
    "storage_hash": "d26becbf46ac48eda79c7a39a13a02dd",
    "name": "user_1/postImageXCknp.jpg.600x1000_q85.jpg",
    "modified": "2023-03-26T05:45:05.718Z",
    "source": 4
  }
},
{
  "model": "easy_thumbnails.thumbnail",
  "pk": 45,
  "fields": {
    "storage_hash": "d26becbf46ac48eda79c7a39a13a02dd",
    "name": "user_1/postImageKPgJe.jpg.600x1000_q85.jpg",
    "modified": "2023-03-26T05:45:05.793Z",
    "source": 5
  }
},
{
  "model": "easy_thumbnails.thumbnail",
  "pk": 46,
  "fields": {
    "storage_hash": "d26becbf46ac48eda79c7a39a13a02dd",
    "name": "user_1/postImageSVP6E.jpg.600x500_q85.jpg",
    "modified": "2023-03-26T05:45:18.324Z",
    "source": 1
  }
},
{
  "model": "easy_thumbnails.thumbnail",
  "pk": 47,
  "fields": {
    "storage_hash": "d26becbf46ac48eda79c7a39a13a02dd",
    "name": "user_1/postImageX1Pbg.jpg.600x500_q85.jpg",
    "modified": "2023-03-26T05:45:18.508Z",
    "source": 2
  }
},
{
  "model": "easy_thumbnails.thumbnail",
  "pk": 48,
  "fields": {
    "storage_hash": "d26becbf46ac48eda79c7a39a13a02dd",
    "name": "user_1/postImageQaDIJ.jpg.600x500_q85.jpg",
    "modified": "2023-03-26T05:45:18.689Z",
    "source": 3
  }
},
{
  "model": "easy_thumbnails.thumbnail",
  "pk": 49,
  "fields": {
    "storage_hash": "d26becbf46ac48eda79c7a39a13a02dd",
    "name": "user_1/postImageXCknp.jpg.600x500_q85.jpg",
    "modified": "2023-03-26T05:45:19.053Z",
    "source": 4
  }
},
{
  "model": "easy_thumbnails.thumbnail",
  "pk": 50,
  "fields": {
    "storage_hash": "d26becbf46ac48eda79c7a39a13a02dd",
    "name": "user_1/postImageKPgJe.jpg.600x500_q85.jpg",
    "modified": "2023-03-26T05:45:19.229Z",
    "source": 5
  }
},
{
  "model": "easy_thumbnails.thumbnail",
  "pk": 51,
  "fields": {
    "storage_hash": "d26becbf46ac48eda79c7a39a13a02dd",
    "name": "user_1/postImageSVP6E.jpg.1000x300_q85.jpg",
    "modified": "2023-03-26T05:45:54.010Z",
    "source": 1
  }
},
{
  "model": "easy_thumbnails.thumbnail",
  "pk": 52,
  "fields": {
    "storage_hash": "d26becbf46ac48eda79c7a39a13a02dd",
    "name": "user_1/postImageX1Pbg.jpg.1000x300_q85.jpg",
    "modified": "2023-03-26T05:45:54.136Z",
    "source": 2
  }
},
{
  "model": "easy_thumbnails.thumbnail",
  "pk": 53,
  "fields": {
    "storage_hash": "d26becbf46ac48eda79c7a39a13a02dd",
    "name": "user_1/postImageQaDIJ.jpg.1000x300_q85.jpg",
    "modified": "2023-03-26T05:45:54.235Z",
    "source": 3
  }
},
{
  "model": "easy_thumbnails.thumbnail",
  "pk": 54,
  "fields": {
    "storage_hash": "d26becbf46ac48eda79c7a39a13a02dd",
    "name": "user_1/postImageXCknp.jpg.1000x300_q85.jpg",
    "modified": "2023-03-26T05:45:54.337Z",
    "source": 4
  }
},
{
  "model": "easy_thumbnails.thumbnail",
  "pk": 55,
  "fields": {
    "storage_hash": "d26becbf46ac48eda79c7a39a13a02dd",
    "name": "user_1/postImageKPgJe.jpg.1000x300_q85.jpg",
    "modified": "2023-03-26T05:45:54.456Z",
    "source": 5
  }
},
{
  "model": "easy_thumbnails.thumbnail",
  "pk": 56,
  "fields": {
    "storage_hash": "d26becbf46ac48eda79c7a39a13a02dd",
    "name": "user_1/postImageSVP6E.jpg.2000x300_q85.jpg",
    "modified": "2023-03-26T05:46:04.701Z",
    "source": 1
  }
},
{
  "model": "easy_thumbnails.thumbnail",
  "pk": 57,
  "fields": {
    "storage_hash": "d26becbf46ac48eda79c7a39a13a02dd",
    "name": "user_1/postImageX1Pbg.jpg.2000x300_q85.jpg",
    "modified": "2023-03-26T05:46:04.759Z",
    "source": 2
  }
},
{
  "model": "easy_thumbnails.thumbnail",
  "pk": 58,
  "fields": {
    "storage_hash": "d26becbf46ac48eda79c7a39a13a02dd",
    "name": "user_1/postImageQaDIJ.jpg.2000x300_q85.jpg",
    "modified": "2023-03-26T05:46:04.821Z",
    "source": 3
  }
},
{
  "model": "easy_thumbnails.thumbnail",
  "pk": 59,
  "fields": {
    "storage_hash": "d26becbf46ac48eda79c7a39a13a02dd",
    "name": "user_1/postImageXCknp.jpg.2000x300_q85.jpg",
    "modified": "2023-03-26T05:46:04.908Z",
    "source": 4
  }
},
{
  "model": "easy_thumbnails.thumbnail",
  "pk": 60,
  "fields": {
    "storage_hash": "d26becbf46ac48eda79c7a39a13a02dd",
    "name": "user_1/postImageKPgJe.jpg.2000x300_q85.jpg",
    "modified": "2023-03-26T05:46:05.004Z",
    "source": 5
  }
},
{
  "model": "easy_thumbnails.thumbnail",
  "pk": 61,
  "fields": {
    "storage_hash": "d26becbf46ac48eda79c7a39a13a02dd",
    "name": "user_1/postImageSVP6E.jpg.700x700_q85.jpg",
    "modified": "2023-03-26T05:48:50.894Z",
    "source": 1
  }
},
{
  "model": "easy_thumbnails.thumbnail",
  "pk": 62,
  "fields": {
    "storage_hash": "d26becbf46ac48eda79c7a39a13a02dd",
    "name": "user_1/postImageX1Pbg.jpg.700x700_q85.jpg",
    "modified": "2023-03-26T05:48:51.242Z",
    "source": 2
  }
},
{
  "model": "easy_thumbnails.thumbnail",
  "pk": 63,
  "fields": {
    "storage_hash": "d26becbf46ac48eda79c7a39a13a02dd",
    "name": "user_1/postImageQaDIJ.jpg.700x700_q85.jpg",
    "modified": "2023-03-26T05:48:51.577Z",
    "source": 3
  }
},
{
  "model": "easy_thumbnails.thumbnail",
  "pk": 64,
  "fields": {
    "storage_hash": "d26becbf46ac48eda79c7a39a13a02dd",
    "name": "user_1/postImageXCknp.jpg.700x700_q85.jpg",
    "modified": "2023-03-26T05:48:51.812Z",
    "source": 4
  }
},
{
  "model": "easy_thumbnails.thumbnail",
  "pk": 65,
  "fields": {
    "storage_hash": "d26becbf46ac48eda79c7a39a13a02dd",
    "name": "user_1/postImageKPgJe.jpg.700x700_q85.jpg",
    "modified": "2023-03-26T05:48:51.908Z",
    "source": 5
  }
},
{
  "model": "easy_thumbnails.thumbnail",
  "pk": 66,
  "fields": {
    "storage_hash": "d26becbf46ac48eda79c7a39a13a02dd",
    "name": "user_1/postImageSVP6E.jpg.700x500_q85.jpg",
    "modified": "2023-03-26T05:49:00.706Z",
    "source": 1
  }
},
{
  "model": "easy_thumbnails.thumbnail",
  "pk": 67,
  "fields": {
    "storage_hash": "d26becbf46ac48eda79c7a39a13a02dd",
    "name": "user_1/postImageX1Pbg.jpg.700x500_q85.jpg",
    "modified": "2023-03-26T05:49:00.855Z",
    "source": 2
  }
},
{
  "model": "easy_thumbnails.thumbnail",
  "pk": 68,
  "fields": {
    "storage_hash": "d26becbf46ac48eda79c7a39a13a02dd",
    "name": "user_1/postImageQaDIJ.jpg.700x500_q85.jpg",
    "modified": "2023-03-26T05:49:01.102Z",
    "source": 3
  }
},
{
  "model": "easy_thumbnails.thumbnail",
  "pk": 69,
  "fields": {
    "storage_hash": "d26becbf46ac48eda79c7a39a13a02dd",
    "name": "user_1/postImageXCknp.jpg.700x500_q85.jpg",
    "modified": "2023-03-26T05:49:01.302Z",
    "source": 4
  }
},
{
  "model": "easy_thumbnails.thumbnail",
  "pk": 70,
  "fields": {
    "storage_hash": "d26becbf46ac48eda79c7a39a13a02dd",
    "name": "user_1/postImageKPgJe.jpg.700x500_q85.jpg",
    "modified": "2023-03-26T05:49:01.397Z",
    "source": 5
  }
},
{
  "model": "easy_thumbnails.thumbnail",
  "pk": 71,
  "fields": {
    "storage_hash": "d26becbf46ac48eda79c7a39a13a02dd",
    "name": "user_1/postImageSVP6E.jpg.800x800_q85.jpg",
    "modified": "2023-03-26T05:55:10.443Z",
    "source": 1
  }
},
{
  "model": "easy_thumbnails.thumbnail",
  "pk": 72,
  "fields": {
    "storage_hash": "d26becbf46ac48eda79c7a39a13a02dd",
    "name": "user_1/postImageX1Pbg.jpg.800x800_q85.jpg",
    "modified": "2023-03-26T05:55:10.850Z",
    "source": 2
  }
},
{
  "model": "easy_thumbnails.thumbnail",
  "pk": 73,
  "fields": {
    "storage_hash": "d26becbf46ac48eda79c7a39a13a02dd",
    "name": "user_1/postImageQaDIJ.jpg.800x800_q85.jpg",
    "modified": "2023-03-26T05:55:11.261Z",
    "source": 3
  }
},
{
  "model": "easy_thumbnails.thumbnail",
  "pk": 74,
  "fields": {
    "storage_hash": "d26becbf46ac48eda79c7a39a13a02dd",
    "name": "user_1/postImageXCknp.jpg.800x800_q85.jpg",
    "modified": "2023-03-26T05:55:11.779Z",
    "source": 4
  }
},
{
  "model": "easy_thumbnails.thumbnail",
  "pk": 75,
  "fields": {
    "storage_hash": "d26becbf46ac48eda79c7a39a13a02dd",
    "name": "user_1/postImageKPgJe.jpg.800x800_q85.jpg",
    "modified": "2023-03-26T05:55:11.884Z",
    "source": 5
  }
},
{
  "model": "easy_thumbnails.thumbnail",
  "pk": 76,
  "fields": {
    "storage_hash": "d26becbf46ac48eda79c7a39a13a02dd",
    "name": "user_1/postImageSVP6E.jpg.500x500_q85.jpg",
    "modified": "2023-03-26T05:55:24.106Z",
    "source": 1
  }
},
{
  "model": "easy_thumbnails.thumbnail",
  "pk": 77,
  "fields": {
    "storage_hash": "d26becbf46ac48eda79c7a39a13a02dd",
    "name": "user_1/postImageX1Pbg.jpg.500x500_q85.jpg",
    "modified": "2023-03-26T05:55:24.241Z",
    "source": 2
  }
},
{
  "model": "easy_thumbnails.thumbnail",
  "pk": 78,
  "fields": {
    "storage_hash": "d26becbf46ac48eda79c7a39a13a02dd",
    "name": "user_1/postImageQaDIJ.jpg.500x500_q85.jpg",
    "modified": "2023-03-26T05:55:24.406Z",
    "source": 3
  }
},
{
  "model": "easy_thumbnails.thumbnail",
  "pk": 79,
  "fields": {
    "storage_hash": "d26becbf46ac48eda79c7a39a13a02dd",
    "name": "user_1/postImageXCknp.jpg.500x500_q85.jpg",
    "modified": "2023-03-26T05:55:24.564Z",
    "source": 4
  }
},
{
  "model": "easy_thumbnails.thumbnail",
  "pk": 80,
  "fields": {
    "storage_hash": "d26becbf46ac48eda79c7a39a13a02dd",
    "name": "user_1/postImageKPgJe.jpg.500x500_q85.jpg",
    "modified": "2023-03-26T05:55:24.732Z",
    "source": 5
  }
},
{
  "model": "easy_thumbnails.thumbnail",
  "pk": 81,
  "fields": {
    "storage_hash": "d26becbf46ac48eda79c7a39a13a02dd",
    "name": "user_1/postImageSVP6E.jpg.600x1200_q85.jpg",
    "modified": "2023-03-26T06:02:38.917Z",
    "source": 1
  }
},
{
  "model": "easy_thumbnails.thumbnail",
  "pk": 82,
  "fields": {
    "storage_hash": "d26becbf46ac48eda79c7a39a13a02dd",
    "name": "user_1/postImageX1Pbg.jpg.600x1200_q85.jpg",
    "modified": "2023-03-26T06:02:39.080Z",
    "source": 2
  }
},
{
  "model": "easy_thumbnails.thumbnail",
  "pk": 83,
  "fields": {
    "storage_hash": "d26becbf46ac48eda79c7a39a13a02dd",
    "name": "user_1/postImageQaDIJ.jpg.600x1200_q85.jpg",
    "modified": "2023-03-26T06:02:39.344Z",
    "source": 3
  }
},
{
  "model": "easy_thumbnails.thumbnail",
  "pk": 84,
  "fields": {
    "storage_hash": "d26becbf46ac48eda79c7a39a13a02dd",
    "name": "user_1/postImageXCknp.jpg.600x1200_q85.jpg",
    "modified": "2023-03-26T06:02:39.514Z",
    "source": 4
  }
},
{
  "model": "easy_thumbnails.thumbnail",
  "pk": 85,
  "fields": {
    "storage_hash": "d26becbf46ac48eda79c7a39a13a02dd",
    "name": "user_1/postImageKPgJe.jpg.600x1200_q85.jpg",
    "modified": "2023-03-26T06:02:39.582Z",
    "source": 5
  }
},
{
  "model": "easy_thumbnails.thumbnail",
  "pk": 86,
  "fields": {
    "storage_hash": "d26becbf46ac48eda79c7a39a13a02dd",
    "name": "user_1/postImageSVP6E.jpg.600x600_q85.jpg",
    "modified": "2023-03-26T06:03:54.016Z",
    "source": 1
  }
},
{
  "model": "easy_thumbnails.thumbnail",
  "pk": 87,
  "fields": {
    "storage_hash": "d26becbf46ac48eda79c7a39a13a02dd",
    "name": "user_1/postImageX1Pbg.jpg.600x600_q85.jpg",
    "modified": "2023-03-26T06:03:54.173Z",
    "source": 2
  }
},
{
  "model": "easy_thumbnails.thumbnail",
  "pk": 88,
  "fields": {
    "storage_hash": "d26becbf46ac48eda79c7a39a13a02dd",
    "name": "user_1/postImageQaDIJ.jpg.600x600_q85.jpg",
    "modified": "2023-03-26T06:03:54.382Z",
    "source": 3
  }
},
{
  "model": "easy_thumbnails.thumbnail",
  "pk": 89,
  "fields": {
    "storage_hash": "d26becbf46ac48eda79c7a39a13a02dd",
    "name": "user_1/postImageXCknp.jpg.600x600_q85.jpg",
    "modified": "2023-03-26T06:03:54.568Z",
    "source": 4
  }
},
{
  "model": "easy_thumbnails.thumbnail",
  "pk": 90,
  "fields": {
    "storage_hash": "d26becbf46ac48eda79c7a39a13a02dd",
    "name": "user_1/postImageKPgJe.jpg.600x600_q85.jpg",
    "modified": "2023-03-26T06:03:54.701Z",
    "source": 5
  }
},
{
  "model": "easy_thumbnails.thumbnail",
  "pk": 91,
  "fields": {
    "storage_hash": "d26becbf46ac48eda79c7a39a13a02dd",
    "name": "user_1/postImageHAiOJ.jpg.600x600_q85.jpg",
    "modified": "2023-03-26T08:31:20.995Z",
    "source": 6
  }
},
{
  "model": "easy_thumbnails.thumbnail",
  "pk": 92,
  "fields": {
    "storage_hash": "d26becbf46ac48eda79c7a39a13a02dd",
    "name": "user_1/postImage.jpg.600x600_q85.jpg",
    "modified": "2023-03-26T08:32:48.702Z",
    "source": 7
  }
},
{
  "model": "easy_thumbnails.thumbnail",
  "pk": 93,
  "fields": {
    "storage_hash": "d26becbf46ac48eda79c7a39a13a02dd",
    "name": "user_1/postImage.jpg.1000x600_q85.jpg",
    "modified": "2023-03-26T08:35:19.620Z",
    "source": 7
  }
},
{
  "model": "easy_thumbnails.thumbnail",
  "pk": 94,
  "fields": {
    "storage_hash": "d26becbf46ac48eda79c7a39a13a02dd",
    "name": "user_1/postImage.jpg.1000x1600_q85.jpg",
    "modified": "2023-03-26T08:35:29.617Z",
    "source": 7
  }
},
{
  "model": "easy_thumbnails.thumbnail",
  "pk": 95,
  "fields": {
    "storage_hash": "d26becbf46ac48eda79c7a39a13a02dd",
    "name": "user_1/postImageOptF2.jpg.630x1200_q85.jpg",
    "modified": "2023-03-26T09:22:09.917Z",
    "source": 8
  }
},
{
  "model": "easy_thumbnails.thumbnail",
  "pk": 96,
  "fields": {
    "storage_hash": "d26becbf46ac48eda79c7a39a13a02dd",
    "name": "user_1/postImageygaJR.jpg.630x1200_q85.jpg",
    "modified": "2023-03-26T09:22:10.079Z",
    "source": 9
  }
},
{
  "model": "easy_thumbnails.thumbnail",
  "pk": 97,
  "fields": {
    "storage_hash": "d26becbf46ac48eda79c7a39a13a02dd",
    "name": "user_1/postImageKCSmQ.jpg.630x1200_q85.jpg",
    "modified": "2023-03-26T09:22:10.129Z",
    "source": 10
  }
},
{
  "model": "easy_thumbnails.thumbnail",
  "pk": 98,
  "fields": {
    "storage_hash": "d26becbf46ac48eda79c7a39a13a02dd",
    "name": "user_1/postImagerL7pY.jpg.630x1200_q85.jpg",
    "modified": "2023-03-26T09:22:10.325Z",
    "source": 11
  }
},
{
  "model": "easy_thumbnails.thumbnail",
  "pk": 99,
  "fields": {
    "storage_hash": "d26becbf46ac48eda79c7a39a13a02dd",
    "name": "user_1/postImage04OA9.jpg.630x1200_q85.jpg",
    "modified": "2023-03-26T09:22:10.603Z",
    "source": 12
  }
},
{
  "model": "easy_thumbnails.thumbnail",
  "pk": 100,
  "fields": {
    "storage_hash": "d26becbf46ac48eda79c7a39a13a02dd",
    "name": "user_1/postImageOptF2.jpg.1200x630_q85.jpg",
    "modified": "2023-03-26T09:22:43.145Z",
    "source": 8
  }
},
{
  "model": "easy_thumbnails.thumbnail",
  "pk": 101,
  "fields": {
    "storage_hash": "d26becbf46ac48eda79c7a39a13a02dd",
    "name": "user_1/postImageygaJR.jpg.1200x630_q85.jpg",
    "modified": "2023-03-26T09:22:43.233Z",
    "source": 9
  }
},
{
  "model": "easy_thumbnails.thumbnail",
  "pk": 102,
  "fields": {
    "storage_hash": "d26becbf46ac48eda79c7a39a13a02dd",
    "name": "user_1/postImageKCSmQ.jpg.1200x630_q85.jpg",
    "modified": "2023-03-26T09:22:43.287Z",
    "source": 10
  }
},
{
  "model": "easy_thumbnails.thumbnail",
  "pk": 103,
  "fields": {
    "storage_hash": "d26becbf46ac48eda79c7a39a13a02dd",
    "name": "user_1/postImagerL7pY.jpg.1200x630_q85.jpg",
    "modified": "2023-03-26T09:22:43.411Z",
    "source": 11
  }
},
{
  "model": "easy_thumbnails.thumbnail",
  "pk": 104,
  "fields": {
    "storage_hash": "d26becbf46ac48eda79c7a39a13a02dd",
    "name": "user_1/postImage04OA9.jpg.1200x630_q85.jpg",
    "modified": "2023-03-26T09:22:43.521Z",
    "source": 12
  }
},
{
  "model": "easy_thumbnails.thumbnail",
  "pk": 105,
  "fields": {
    "storage_hash": "d26becbf46ac48eda79c7a39a13a02dd",
    "name": "user_1/postImageOptF2.jpg.1200x800_q85.jpg",
    "modified": "2023-03-26T09:23:04.213Z",
    "source": 8
  }
},
{
  "model": "easy_thumbnails.thumbnail",
  "pk": 106,
  "fields": {
    "storage_hash": "d26becbf46ac48eda79c7a39a13a02dd",
    "name": "user_1/postImageygaJR.jpg.1200x800_q85.jpg",
    "modified": "2023-03-26T09:23:04.371Z",
    "source": 9
  }
},
{
  "model": "easy_thumbnails.thumbnail",
  "pk": 107,
  "fields": {
    "storage_hash": "d26becbf46ac48eda79c7a39a13a02dd",
    "name": "user_1/postImageKCSmQ.jpg.1200x800_q85.jpg",
    "modified": "2023-03-26T09:23:04.422Z",
    "source": 10
  }
},
{
  "model": "easy_thumbnails.thumbnail",
  "pk": 108,
  "fields": {
    "storage_hash": "d26becbf46ac48eda79c7a39a13a02dd",
    "name": "user_1/postImagerL7pY.jpg.1200x800_q85.jpg",
    "modified": "2023-03-26T09:23:04.603Z",
    "source": 11
  }
},
{
  "model": "easy_thumbnails.thumbnail",
  "pk": 109,
  "fields": {
    "storage_hash": "d26becbf46ac48eda79c7a39a13a02dd",
    "name": "user_1/postImage04OA9.jpg.1200x800_q85.jpg",
    "modified": "2023-03-26T09:23:04.926Z",
    "source": 12
  }
},
{
  "model": "easy_thumbnails.thumbnail",
  "pk": 110,
  "fields": {
    "storage_hash": "d26becbf46ac48eda79c7a39a13a02dd",
    "name": "user_1/postImageOptF2.jpg.800x1200_q85.jpg",
    "modified": "2023-03-26T09:23:31.733Z",
    "source": 8
  }
},
{
  "model": "easy_thumbnails.thumbnail",
  "pk": 111,
  "fields": {
    "storage_hash": "d26becbf46ac48eda79c7a39a13a02dd",
    "name": "user_1/postImageygaJR.jpg.800x1200_q85.jpg",
    "modified": "2023-03-26T09:23:31.851Z",
    "source": 9
  }
},
{
  "model": "easy_thumbnails.thumbnail",
  "pk": 112,
  "fields": {
    "storage_hash": "d26becbf46ac48eda79c7a39a13a02dd",
    "name": "user_1/postImageKCSmQ.jpg.800x1200_q85.jpg",
    "modified": "2023-03-26T09:23:31.902Z",
    "source": 10
  }
},
{
  "model": "easy_thumbnails.thumbnail",
  "pk": 113,
  "fields": {
    "storage_hash": "d26becbf46ac48eda79c7a39a13a02dd",
    "name": "user_1/postImagerL7pY.jpg.800x1200_q85.jpg",
    "modified": "2023-03-26T09:23:32.046Z",
    "source": 11
  }
},
{
  "model": "easy_thumbnails.thumbnail",
  "pk": 114,
  "fields": {
    "storage_hash": "d26becbf46ac48eda79c7a39a13a02dd",
    "name": "user_1/postImage04OA9.jpg.800x1200_q85.jpg",
    "modified": "2023-03-26T09:23:32.258Z",
    "source": 12
  }
},
{
  "model": "easy_thumbnails.thumbnail",
  "pk": 115,
  "fields": {
    "storage_hash": "d26becbf46ac48eda79c7a39a13a02dd",
    "name": "user_1/postImage7C79e.jpg.800x1200_q85.jpg",
    "modified": "2023-03-26T09:43:37.572Z",
    "source": 13
  }
},
{
  "model": "easy_thumbnails.thumbnail",
  "pk": 116,
  "fields": {
    "storage_hash": "d26becbf46ac48eda79c7a39a13a02dd",
    "name": "user_1/postImage3NBih.jpg.800x1200_q85.jpg",
    "modified": "2023-03-26T09:43:37.617Z",
    "source": 14
  }
},
{
  "model": "easy_thumbnails.thumbnail",
  "pk": 117,
  "fields": {
    "storage_hash": "d26becbf46ac48eda79c7a39a13a02dd",
    "name": "user_1/postImagetsAqg.jpg.800x1200_q85.jpg",
    "modified": "2023-03-26T09:43:37.660Z",
    "source": 15
  }
},
{
  "model": "easy_thumbnails.thumbnail",
  "pk": 118,
  "fields": {
    "storage_hash": "d26becbf46ac48eda79c7a39a13a02dd",
    "name": "user_1/postImage5RNpm.jpg.800x1200_q85.jpg",
    "modified": "2023-03-26T09:43:37.706Z",
    "source": 16
  }
},
{
  "model": "easy_thumbnails.thumbnail",
  "pk": 119,
  "fields": {
    "storage_hash": "d26becbf46ac48eda79c7a39a13a02dd",
    "name": "user_1/postImagelBAFH.jpg.800x1200_q85.jpg",
    "modified": "2023-03-26T09:43:37.761Z",
    "source": 17
  }
},
{
  "model": "easy_thumbnails.thumbnail",
  "pk": 120,
  "fields": {
    "storage_hash": "d26becbf46ac48eda79c7a39a13a02dd",
    "name": "user_1/postImageWvRsb.jpeg.800x1200_q85.jpg",
    "modified": "2023-03-26T09:56:35.506Z",
    "source": 18
  }
},
{
  "model": "easy_thumbnails.thumbnail",
  "pk": 121,
  "fields": {
    "storage_hash": "d26becbf46ac48eda79c7a39a13a02dd",
    "name": "user_1/postImageKLJeF.jpeg.800x1200_q85.jpg",
    "modified": "2023-03-26T09:56:35.557Z",
    "source": 19
  }
},
{
  "model": "easy_thumbnails.thumbnail",
  "pk": 122,
  "fields": {
    "storage_hash": "d26becbf46ac48eda79c7a39a13a02dd",
    "name": "user_1/postImage4KJim.jpeg.800x1200_q85.jpg",
    "modified": "2023-03-26T09:56:35.618Z",
    "source": 20
  }
},
{
  "model": "easy_thumbnails.thumbnail",
  "pk": 123,
  "fields": {
    "storage_hash": "d26becbf46ac48eda79c7a39a13a02dd",
    "name": "user_1/postImagel1I3w.jpeg.800x1200_q85.jpg",
    "modified": "2023-03-26T09:56:35.668Z",
    "source": 21
  }
},
{
  "model": "easy_thumbnails.thumbnail",
  "pk": 124,
  "fields": {
    "storage_hash": "d26becbf46ac48eda79c7a39a13a02dd",
    "name": "user_1/postImageSncQT.jpeg.800x1200_q85.jpg",
    "modified": "2023-03-26T09:56:35.726Z",
    "source": 22
  }
},
{
  "model": "taggit.tag",
  "pk": 1,
  "fields": {
    "name": "Automotive",
    "slug": "automotive"
  }
},
{
  "model": "taggit.tag",
  "pk": 2,
  "fields": {
    "name": "culture",
    "slug": "culture"
  }
},
{
  "model": "taggit.tag",
  "pk": 3,
  "fields": {
    "name": "Technology",
    "slug": "technology"
  }
},
{
  "model": "taggit.tag",
  "pk": 4,
  "fields": {
    "name": "Politics",
    "slug": "politics"
  }
},
{
  "model": "taggit.tag",
  "pk": 5,
  "fields": {
    "name": "Business and Finance",
    "slug": "business-and-finance"
  }
},
{
  "model": "taggit.tag",
  "pk": 6,
  "fields": {
    "name": "Culture",
    "slug": "culture_1"
  }
},
{
  "model": "taggit.taggeditem",
  "pk": 1,
  "fields": {
    "tag": 1,
    "content_type": 7,
    "object_id": 411
  }
},
{
  "model": "taggit.taggeditem",
  "pk": 2,
  "fields": {
    "tag": 2,
    "content_type": 7,
    "object_id": 410
  }
},
{
  "model": "taggit.taggeditem",
  "pk": 3,
  "fields": {
    "tag": 2,
    "content_type": 7,
    "object_id": 409
  }
},
{
  "model": "taggit.taggeditem",
  "pk": 4,
  "fields": {
    "tag": 3,
    "content_type": 7,
    "object_id": 409
  }
},
{
  "model": "taggit.taggeditem",
  "pk": 5,
  "fields": {
    "tag": 1,
    "content_type": 7,
    "object_id": 408
  }
},
{
  "model": "taggit.taggeditem",
  "pk": 6,
  "fields": {
    "tag": 2,
    "content_type": 7,
    "object_id": 408
  }
},
{
  "model": "taggit.taggeditem",
  "pk": 7,
  "fields": {
    "tag": 2,
    "content_type": 7,
    "object_id": 407
  }
},
{
  "model": "taggit.taggeditem",
  "pk": 8,
  "fields": {
    "tag": 1,
    "content_type": 7,
    "object_id": 406
  }
},
{
  "model": "taggit.taggeditem",
  "pk": 9,
  "fields": {
    "tag": 4,
    "content_type": 7,
    "object_id": 406
  }
},
{
  "model": "taggit.taggeditem",
  "pk": 10,
  "fields": {
    "tag": 1,
    "content_type": 7,
    "object_id": 405
  }
},
{
  "model": "taggit.taggeditem",
  "pk": 11,
  "fields": {
    "tag": 3,
    "content_type": 7,
    "object_id": 405
  }
},
{
  "model": "taggit.taggeditem",
  "pk": 12,
  "fields": {
    "tag": 1,
    "content_type": 7,
    "object_id": 404
  }
},
{
  "model": "taggit.taggeditem",
  "pk": 13,
  "fields": {
    "tag": 5,
    "content_type": 7,
    "object_id": 404
  }
},
{
  "model": "taggit.taggeditem",
  "pk": 14,
  "fields": {
    "tag": 3,
    "content_type": 7,
    "object_id": 403
  }
},
{
  "model": "taggit.taggeditem",
  "pk": 15,
  "fields": {
    "tag": 5,
    "content_type": 7,
    "object_id": 403
  }
},
{
  "model": "taggit.taggeditem",
  "pk": 16,
  "fields": {
    "tag": 1,
    "content_type": 7,
    "object_id": 402
  }
},
{
  "model": "taggit.taggeditem",
  "pk": 17,
  "fields": {
    "tag": 2,
    "content_type": 7,
    "object_id": 402
  }
},
{
  "model": "taggit.taggeditem",
  "pk": 18,
  "fields": {
    "tag": 2,
    "content_type": 7,
    "object_id": 401
  }
},
{
  "model": "taggit.taggeditem",
  "pk": 19,
  "fields": {
    "tag": 3,
    "content_type": 7,
    "object_id": 401
  }
},
{
  "model": "taggit.taggeditem",
  "pk": 20,
  "fields": {
    "tag": 1,
    "content_type": 7,
    "object_id": 400
  }
},
{
  "model": "taggit.taggeditem",
  "pk": 21,
  "fields": {
    "tag": 4,
    "content_type": 7,
    "object_id": 400
  }
},
{
  "model": "taggit.taggeditem",
  "pk": 22,
  "fields": {
    "tag": 4,
    "content_type": 7,
    "object_id": 399
  }
},
{
  "model": "taggit.taggeditem",
  "pk": 23,
  "fields": {
    "tag": 5,
    "content_type": 7,
    "object_id": 399
  }
},
{
  "model": "taggit.taggeditem",
  "pk": 24,
  "fields": {
    "tag": 1,
    "content_type": 7,
    "object_id": 398
  }
},
{
  "model": "taggit.taggeditem",
  "pk": 25,
  "fields": {
    "tag": 5,
    "content_type": 7,
    "object_id": 398
  }
},
{
  "model": "taggit.taggeditem",
  "pk": 26,
  "fields": {
    "tag": 2,
    "content_type": 7,
    "object_id": 397
  }
},
{
  "model": "taggit.taggeditem",
  "pk": 27,
  "fields": {
    "tag": 3,
    "content_type": 7,
    "object_id": 397
  }
},
{
  "model": "taggit.taggeditem",
  "pk": 28,
  "fields": {
    "tag": 4,
    "content_type": 7,
    "object_id": 396
  }
},
{
  "model": "taggit.taggeditem",
  "pk": 29,
  "fields": {
    "tag": 5,
    "content_type": 7,
    "object_id": 396
  }
},
{
  "model": "taggit.taggeditem",
  "pk": 30,
  "fields": {
    "tag": 1,
    "content_type": 7,
    "object_id": 395
  }
},
{
  "model": "taggit.taggeditem",
  "pk": 31,
  "fields": {
    "tag": 4,
    "content_type": 7,
    "object_id": 395
  }
},
{
  "model": "taggit.taggeditem",
  "pk": 32,
  "fields": {
    "tag": 1,
    "content_type": 7,
    "object_id": 394
  }
},
{
  "model": "taggit.taggeditem",
  "pk": 33,
  "fields": {
    "tag": 2,
    "content_type": 7,
    "object_id": 394
  }
},
{
  "model": "taggit.taggeditem",
  "pk": 34,
  "fields": {
    "tag": 1,
    "content_type": 7,
    "object_id": 393
  }
},
{
  "model": "taggit.taggeditem",
  "pk": 35,
  "fields": {
    "tag": 4,
    "content_type": 7,
    "object_id": 393
  }
},
{
  "model": "taggit.taggeditem",
  "pk": 36,
  "fields": {
    "tag": 2,
    "content_type": 7,
    "object_id": 392
  }
},
{
  "model": "taggit.taggeditem",
  "pk": 37,
  "fields": {
    "tag": 5,
    "content_type": 7,
    "object_id": 392
  }
},
{
  "model": "taggit.taggeditem",
  "pk": 38,
  "fields": {
    "tag": 1,
    "content_type": 7,
    "object_id": 391
  }
},
{
  "model": "taggit.taggeditem",
  "pk": 39,
  "fields": {
    "tag": 5,
    "content_type": 7,
    "object_id": 391
  }
},
{
  "model": "taggit.taggeditem",
  "pk": 40,
  "fields": {
    "tag": 2,
    "content_type": 7,
    "object_id": 390
  }
},
{
  "model": "taggit.taggeditem",
  "pk": 41,
  "fields": {
    "tag": 1,
    "content_type": 7,
    "object_id": 389
  }
},
{
  "model": "taggit.taggeditem",
  "pk": 42,
  "fields": {
    "tag": 5,
    "content_type": 7,
    "object_id": 389
  }
},
{
  "model": "taggit.taggeditem",
  "pk": 43,
  "fields": {
    "tag": 1,
    "content_type": 7,
    "object_id": 388
  }
},
{
  "model": "taggit.taggeditem",
  "pk": 44,
  "fields": {
    "tag": 4,
    "content_type": 7,
    "object_id": 388
  }
},
{
  "model": "taggit.taggeditem",
  "pk": 45,
  "fields": {
    "tag": 4,
    "content_type": 7,
    "object_id": 387
  }
},
{
  "model": "taggit.taggeditem",
  "pk": 46,
  "fields": {
    "tag": 5,
    "content_type": 7,
    "object_id": 387
  }
},
{
  "model": "taggit.taggeditem",
  "pk": 47,
  "fields": {
    "tag": 2,
    "content_type": 7,
    "object_id": 386
  }
},
{
  "model": "taggit.taggeditem",
  "pk": 48,
  "fields": {
    "tag": 4,
    "content_type": 7,
    "object_id": 386
  }
},
{
  "model": "taggit.taggeditem",
  "pk": 49,
  "fields": {
    "tag": 1,
    "content_type": 7,
    "object_id": 385
  }
},
{
  "model": "taggit.taggeditem",
  "pk": 50,
  "fields": {
    "tag": 4,
    "content_type": 7,
    "object_id": 384
  }
},
{
  "model": "taggit.taggeditem",
  "pk": 51,
  "fields": {
    "tag": 1,
    "content_type": 7,
    "object_id": 383
  }
},
{
  "model": "taggit.taggeditem",
  "pk": 52,
  "fields": {
    "tag": 2,
    "content_type": 7,
    "object_id": 382
  }
},
{
  "model": "taggit.taggeditem",
  "pk": 53,
  "fields": {
    "tag": 4,
    "content_type": 7,
    "object_id": 382
  }
},
{
  "model": "taggit.taggeditem",
  "pk": 54,
  "fields": {
    "tag": 1,
    "content_type": 7,
    "object_id": 381
  }
},
{
  "model": "taggit.taggeditem",
  "pk": 55,
  "fields": {
    "tag": 4,
    "content_type": 7,
    "object_id": 381
  }
},
{
  "model": "taggit.taggeditem",
  "pk": 56,
  "fields": {
    "tag": 1,
    "content_type": 7,
    "object_id": 380
  }
},
{
  "model": "taggit.taggeditem",
  "pk": 57,
  "fields": {
    "tag": 3,
    "content_type": 7,
    "object_id": 379
  }
},
{
  "model": "taggit.taggeditem",
  "pk": 58,
  "fields": {
    "tag": 5,
    "content_type": 7,
    "object_id": 379
  }
},
{
  "model": "taggit.taggeditem",
  "pk": 59,
  "fields": {
    "tag": 3,
    "content_type": 7,
    "object_id": 378
  }
},
{
  "model": "taggit.taggeditem",
  "pk": 60,
  "fields": {
    "tag": 2,
    "content_type": 7,
    "object_id": 377
  }
},
{
  "model": "taggit.taggeditem",
  "pk": 61,
  "fields": {
    "tag": 1,
    "content_type": 7,
    "object_id": 376
  }
},
{
  "model": "taggit.taggeditem",
  "pk": 62,
  "fields": {
    "tag": 3,
    "content_type": 7,
    "object_id": 376
  }
},
{
  "model": "taggit.taggeditem",
  "pk": 63,
  "fields": {
    "tag": 1,
    "content_type": 7,
    "object_id": 375
  }
},
{
  "model": "taggit.taggeditem",
  "pk": 64,
  "fields": {
    "tag": 3,
    "content_type": 7,
    "object_id": 375
  }
},
{
  "model": "taggit.taggeditem",
  "pk": 65,
  "fields": {
    "tag": 2,
    "content_type": 7,
    "object_id": 374
  }
},
{
  "model": "taggit.taggeditem",
  "pk": 66,
  "fields": {
    "tag": 5,
    "content_type": 7,
    "object_id": 374
  }
},
{
  "model": "taggit.taggeditem",
  "pk": 67,
  "fields": {
    "tag": 2,
    "content_type": 7,
    "object_id": 373
  }
},
{
  "model": "taggit.taggeditem",
  "pk": 68,
  "fields": {
    "tag": 3,
    "content_type": 7,
    "object_id": 373
  }
},
{
  "model": "taggit.taggeditem",
  "pk": 69,
  "fields": {
    "tag": 3,
    "content_type": 7,
    "object_id": 372
  }
},
{
  "model": "taggit.taggeditem",
  "pk": 70,
  "fields": {
    "tag": 4,
    "content_type": 7,
    "object_id": 372
  }
},
{
  "model": "taggit.taggeditem",
  "pk": 71,
  "fields": {
    "tag": 6,
    "content_type": 7,
    "object_id": 412
  }
},
{
  "model": "sites.site",
  "pk": 1,
  "fields": {
    "domain": "example.com",
    "name": "example.com"
  }
},
{
  "model": "admin.logentry",
  "pk": 1,
  "fields": {
    "action_time": "2023-03-26T08:31:12.337Z",
    "user": 1,
    "content_type": 7,
    "object_id": "246",
    "object_repr": "Enjoy high number crime left argue.",
    "action_flag": 2,
    "change_message": "[{\"changed\": {\"fields\": [\"PostImage\"]}}]"
  }
},
{
  "model": "admin.logentry",
  "pk": 2,
  "fields": {
    "action_time": "2023-03-26T08:32:44.308Z",
    "user": 1,
    "content_type": 7,
    "object_id": "207",
    "object_repr": "Catch return view agency article everything often answer.",
    "action_flag": 3,
    "change_message": ""
  }
},
{
  "model": "admin.logentry",
  "pk": 3,
  "fields": {
    "action_time": "2023-03-26T08:32:44.313Z",
    "user": 1,
    "content_type": 7,
    "object_id": "208",
    "object_repr": "Usually choose least total.",
    "action_flag": 3,
    "change_message": ""
  }
},
{
  "model": "admin.logentry",
  "pk": 4,
  "fields": {
    "action_time": "2023-03-26T08:32:44.316Z",
    "user": 1,
    "content_type": 7,
    "object_id": "209",
    "object_repr": "Method popular affect friend although.",
    "action_flag": 3,
    "change_message": ""
  }
},
{
  "model": "admin.logentry",
  "pk": 5,
  "fields": {
    "action_time": "2023-03-26T08:32:44.319Z",
    "user": 1,
    "content_type": 7,
    "object_id": "210",
    "object_repr": "Treatment partner radio tend.",
    "action_flag": 3,
    "change_message": ""
  }
},
{
  "model": "admin.logentry",
  "pk": 6,
  "fields": {
    "action_time": "2023-03-26T08:32:44.324Z",
    "user": 1,
    "content_type": 7,
    "object_id": "211",
    "object_repr": "Join team director compare.",
    "action_flag": 3,
    "change_message": ""
  }
},
{
  "model": "admin.logentry",
  "pk": 7,
  "fields": {
    "action_time": "2023-03-26T08:32:44.327Z",
    "user": 1,
    "content_type": 7,
    "object_id": "212",
    "object_repr": "Degree best live where set.",
    "action_flag": 3,
    "change_message": ""
  }
},
{
  "model": "admin.logentry",
  "pk": 8,
  "fields": {
    "action_time": "2023-03-26T08:32:44.331Z",
    "user": 1,
    "content_type": 7,
    "object_id": "213",
    "object_repr": "Staff audience environment not service.",
    "action_flag": 3,
    "change_message": ""
  }
},
{
  "model": "admin.logentry",
  "pk": 9,
  "fields": {
    "action_time": "2023-03-26T08:32:44.335Z",
    "user": 1,
    "content_type": 7,
    "object_id": "214",
    "object_repr": "Staff cell dinner new call much require star.",
    "action_flag": 3,
    "change_message": ""
  }
},
{
  "model": "admin.logentry",
  "pk": 10,
  "fields": {
    "action_time": "2023-03-26T08:32:44.338Z",
    "user": 1,
    "content_type": 7,
    "object_id": "215",
    "object_repr": "Their main policy development.",
    "action_flag": 3,
    "change_message": ""
  }
},
{
  "model": "admin.logentry",
  "pk": 11,
  "fields": {
    "action_time": "2023-03-26T08:32:44.341Z",
    "user": 1,
    "content_type": 7,
    "object_id": "216",
    "object_repr": "Recently difficult society treatment director life.",
    "action_flag": 3,
    "change_message": ""
  }
},
{
  "model": "admin.logentry",
  "pk": 12,
  "fields": {
    "action_time": "2023-03-26T08:32:44.345Z",
    "user": 1,
    "content_type": 7,
    "object_id": "217",
    "object_repr": "Yeah charge Democrat partner drive particularly.",
    "action_flag": 3,
    "change_message": ""
  }
},
{
  "model": "admin.logentry",
  "pk": 13,
  "fields": {
    "action_time": "2023-03-26T08:32:44.348Z",
    "user": 1,
    "content_type": 7,
    "object_id": "218",
    "object_repr": "Early guy society remember real.",
    "action_flag": 3,
    "change_message": ""
  }
},
{
  "model": "admin.logentry",
  "pk": 14,
  "fields": {
    "action_time": "2023-03-26T08:32:44.351Z",
    "user": 1,
    "content_type": 7,
    "object_id": "219",
    "object_repr": "Address choice shoulder condition.",
    "action_flag": 3,
    "change_message": ""
  }
},
{
  "model": "admin.logentry",
  "pk": 15,
  "fields": {
    "action_time": "2023-03-26T08:32:44.355Z",
    "user": 1,
    "content_type": 7,
    "object_id": "220",
    "object_repr": "Whose trial record party every degree but.",
    "action_flag": 3,
    "change_message": ""
  }
},
{
  "model": "admin.logentry",
  "pk": 16,
  "fields": {
    "action_time": "2023-03-26T08:32:44.360Z",
    "user": 1,
    "content_type": 7,
    "object_id": "221",
    "object_repr": "Data toward dark sign dream check whose.",
    "action_flag": 3,
    "change_message": ""
  }
},
{
  "model": "admin.logentry",
  "pk": 17,
  "fields": {
    "action_time": "2023-03-26T08:32:44.365Z",
    "user": 1,
    "content_type": 7,
    "object_id": "222",
    "object_repr": "Form easy value sell whole run campaign.",
    "action_flag": 3,
    "change_message": ""
  }
},
{
  "model": "admin.logentry",
  "pk": 18,
  "fields": {
    "action_time": "2023-03-26T08:32:44.368Z",
    "user": 1,
    "content_type": 7,
    "object_id": "223",
    "object_repr": "Record network including fill big especially give.",
    "action_flag": 3,
    "change_message": ""
  }
},
{
  "model": "admin.logentry",
  "pk": 19,
  "fields": {
    "action_time": "2023-03-26T08:32:44.372Z",
    "user": 1,
    "content_type": 7,
    "object_id": "224",
    "object_repr": "Think within might could gun yes affect.",
    "action_flag": 3,
    "change_message": ""
  }
},
{
  "model": "admin.logentry",
  "pk": 20,
  "fields": {
    "action_time": "2023-03-26T08:32:44.375Z",
    "user": 1,
    "content_type": 7,
    "object_id": "225",
    "object_repr": "Run get another form gas.",
    "action_flag": 3,
    "change_message": ""
  }
},
{
  "model": "admin.logentry",
  "pk": 21,
  "fields": {
    "action_time": "2023-03-26T08:32:44.378Z",
    "user": 1,
    "content_type": 7,
    "object_id": "226",
    "object_repr": "New story total play threat pick.",
    "action_flag": 3,
    "change_message": ""
  }
},
{
  "model": "admin.logentry",
  "pk": 22,
  "fields": {
    "action_time": "2023-03-26T08:32:44.382Z",
    "user": 1,
    "content_type": 7,
    "object_id": "227",
    "object_repr": "Nearly there understand production.",
    "action_flag": 3,
    "change_message": ""
  }
},
{
  "model": "admin.logentry",
  "pk": 23,
  "fields": {
    "action_time": "2023-03-26T08:32:44.386Z",
    "user": 1,
    "content_type": 7,
    "object_id": "228",
    "object_repr": "Include station its not total scientist plant I.",
    "action_flag": 3,
    "change_message": ""
  }
},
{
  "model": "admin.logentry",
  "pk": 24,
  "fields": {
    "action_time": "2023-03-26T08:32:44.389Z",
    "user": 1,
    "content_type": 7,
    "object_id": "229",
    "object_repr": "However effect out send move character cell.",
    "action_flag": 3,
    "change_message": ""
  }
},
{
  "model": "admin.logentry",
  "pk": 25,
  "fields": {
    "action_time": "2023-03-26T08:32:44.392Z",
    "user": 1,
    "content_type": 7,
    "object_id": "230",
    "object_repr": "Class enough choice foot be fact likely team.",
    "action_flag": 3,
    "change_message": ""
  }
},
{
  "model": "admin.logentry",
  "pk": 26,
  "fields": {
    "action_time": "2023-03-26T08:32:44.395Z",
    "user": 1,
    "content_type": 7,
    "object_id": "231",
    "object_repr": "Grow wait piece agree clearly bill area.",
    "action_flag": 3,
    "change_message": ""
  }
},
{
  "model": "admin.logentry",
  "pk": 27,
  "fields": {
    "action_time": "2023-03-26T08:32:44.398Z",
    "user": 1,
    "content_type": 7,
    "object_id": "232",
    "object_repr": "Sit make piece truth capital son increase.",
    "action_flag": 3,
    "change_message": ""
  }
},
{
  "model": "admin.logentry",
  "pk": 28,
  "fields": {
    "action_time": "2023-03-26T08:32:44.401Z",
    "user": 1,
    "content_type": 7,
    "object_id": "233",
    "object_repr": "Wonder market drop national field end sport.",
    "action_flag": 3,
    "change_message": ""
  }
},
{
  "model": "admin.logentry",
  "pk": 29,
  "fields": {
    "action_time": "2023-03-26T08:32:44.405Z",
    "user": 1,
    "content_type": 7,
    "object_id": "234",
    "object_repr": "Small eye force be trip.",
    "action_flag": 3,
    "change_message": ""
  }
},
{
  "model": "admin.logentry",
  "pk": 30,
  "fields": {
    "action_time": "2023-03-26T08:32:44.408Z",
    "user": 1,
    "content_type": 7,
    "object_id": "235",
    "object_repr": "Network lot sense paper able.",
    "action_flag": 3,
    "change_message": ""
  }
},
{
  "model": "admin.logentry",
  "pk": 31,
  "fields": {
    "action_time": "2023-03-26T08:32:44.412Z",
    "user": 1,
    "content_type": 7,
    "object_id": "236",
    "object_repr": "Rule action they itself.",
    "action_flag": 3,
    "change_message": ""
  }
},
{
  "model": "admin.logentry",
  "pk": 32,
  "fields": {
    "action_time": "2023-03-26T08:32:44.414Z",
    "user": 1,
    "content_type": 7,
    "object_id": "237",
    "object_repr": "Book officer partner statement despite culture hundred for.",
    "action_flag": 3,
    "change_message": ""
  }
},
{
  "model": "admin.logentry",
  "pk": 33,
  "fields": {
    "action_time": "2023-03-26T08:32:44.418Z",
    "user": 1,
    "content_type": 7,
    "object_id": "238",
    "object_repr": "Project remember impact pretty music.",
    "action_flag": 3,
    "change_message": ""
  }
},
{
  "model": "admin.logentry",
  "pk": 34,
  "fields": {
    "action_time": "2023-03-26T08:32:44.420Z",
    "user": 1,
    "content_type": 7,
    "object_id": "239",
    "object_repr": "Bed wear special training modern.",
    "action_flag": 3,
    "change_message": ""
  }
},
{
  "model": "admin.logentry",
  "pk": 35,
  "fields": {
    "action_time": "2023-03-26T08:32:44.424Z",
    "user": 1,
    "content_type": 7,
    "object_id": "240",
    "object_repr": "Office style upon close.",
    "action_flag": 3,
    "change_message": ""
  }
},
{
  "model": "admin.logentry",
  "pk": 36,
  "fields": {
    "action_time": "2023-03-26T08:32:44.428Z",
    "user": 1,
    "content_type": 7,
    "object_id": "241",
    "object_repr": "Parent when trade eight teacher.",
    "action_flag": 3,
    "change_message": ""
  }
},
{
  "model": "admin.logentry",
  "pk": 37,
  "fields": {
    "action_time": "2023-03-26T08:32:44.431Z",
    "user": 1,
    "content_type": 7,
    "object_id": "242",
    "object_repr": "Exist against compare such cut couple main.",
    "action_flag": 3,
    "change_message": ""
  }
},
{
  "model": "admin.logentry",
  "pk": 38,
  "fields": {
    "action_time": "2023-03-26T08:32:44.434Z",
    "user": 1,
    "content_type": 7,
    "object_id": "243",
    "object_repr": "Have employee today he whatever.",
    "action_flag": 3,
    "change_message": ""
  }
},
{
  "model": "admin.logentry",
  "pk": 39,
  "fields": {
    "action_time": "2023-03-26T08:32:44.438Z",
    "user": 1,
    "content_type": 7,
    "object_id": "244",
    "object_repr": "Individual score state dinner.",
    "action_flag": 3,
    "change_message": ""
  }
},
{
  "model": "admin.logentry",
  "pk": 40,
  "fields": {
    "action_time": "2023-03-26T08:32:44.441Z",
    "user": 1,
    "content_type": 7,
    "object_id": "245",
    "object_repr": "Kitchen traditional stage machine treatment onto yourself.",
    "action_flag": 3,
    "change_message": ""
  }
},
{
  "model": "admin.logentry",
  "pk": 41,
  "fields": {
    "action_time": "2023-03-26T08:37:27.187Z",
    "user": 1,
    "content_type": 7,
    "object_id": "246",
    "object_repr": "Enjoy high number crime left argue.",
    "action_flag": 2,
    "change_message": "[{\"changed\": {\"fields\": [\"PostImage\"]}}]"
  }
},
{
  "model": "admin.logentry",
  "pk": 42,
  "fields": {
    "action_time": "2023-03-26T09:03:06.406Z",
    "user": 1,
    "content_type": 7,
    "object_id": "246",
    "object_repr": "Enjoy high number crime left argue.",
    "action_flag": 3,
    "change_message": ""
  }
},
{
  "model": "admin.logentry",
  "pk": 43,
  "fields": {
    "action_time": "2023-03-26T09:25:29.233Z",
    "user": 1,
    "content_type": 7,
    "object_id": "247",
    "object_repr": "Voice current summer.",
    "action_flag": 3,
    "change_message": ""
  }
},
{
  "model": "admin.logentry",
  "pk": 44,
  "fields": {
    "action_time": "2023-03-26T09:25:29.242Z",
    "user": 1,
    "content_type": 7,
    "object_id": "248",
    "object_repr": "Study page finish although marriage.",
    "action_flag": 3,
    "change_message": ""
  }
},
{
  "model": "admin.logentry",
  "pk": 45,
  "fields": {
    "action_time": "2023-03-26T09:25:29.246Z",
    "user": 1,
    "content_type": 7,
    "object_id": "249",
    "object_repr": "Him central game serve.",
    "action_flag": 3,
    "change_message": ""
  }
},
{
  "model": "admin.logentry",
  "pk": 46,
  "fields": {
    "action_time": "2023-03-26T09:25:29.248Z",
    "user": 1,
    "content_type": 7,
    "object_id": "250",
    "object_repr": "Report push that stock.",
    "action_flag": 3,
    "change_message": ""
  }
},
{
  "model": "admin.logentry",
  "pk": 47,
  "fields": {
    "action_time": "2023-03-26T09:25:29.251Z",
    "user": 1,
    "content_type": 7,
    "object_id": "251",
    "object_repr": "Traditional piece boy visit.",
    "action_flag": 3,
    "change_message": ""
  }
},
{
  "model": "admin.logentry",
  "pk": 48,
  "fields": {
    "action_time": "2023-03-26T09:25:29.253Z",
    "user": 1,
    "content_type": 7,
    "object_id": "252",
    "object_repr": "Administration piece practice.",
    "action_flag": 3,
    "change_message": ""
  }
},
{
  "model": "admin.logentry",
  "pk": 49,
  "fields": {
    "action_time": "2023-03-26T09:25:29.255Z",
    "user": 1,
    "content_type": 7,
    "object_id": "253",
    "object_repr": "All car success situation yard film.",
    "action_flag": 3,
    "change_message": ""
  }
},
{
  "model": "admin.logentry",
  "pk": 50,
  "fields": {
    "action_time": "2023-03-26T09:25:29.258Z",
    "user": 1,
    "content_type": 7,
    "object_id": "254",
    "object_repr": "So fact almost pattern.",
    "action_flag": 3,
    "change_message": ""
  }
},
{
  "model": "admin.logentry",
  "pk": 51,
  "fields": {
    "action_time": "2023-03-26T09:25:29.261Z",
    "user": 1,
    "content_type": 7,
    "object_id": "255",
    "object_repr": "See property law director billion allow everything much.",
    "action_flag": 3,
    "change_message": ""
  }
},
{
  "model": "admin.logentry",
  "pk": 52,
  "fields": {
    "action_time": "2023-03-26T09:25:29.264Z",
    "user": 1,
    "content_type": 7,
    "object_id": "256",
    "object_repr": "Gas environment across week.",
    "action_flag": 3,
    "change_message": ""
  }
},
{
  "model": "admin.logentry",
  "pk": 53,
  "fields": {
    "action_time": "2023-03-26T09:25:29.267Z",
    "user": 1,
    "content_type": 7,
    "object_id": "257",
    "object_repr": "Black Mrs clearly board keep often.",
    "action_flag": 3,
    "change_message": ""
  }
},
{
  "model": "admin.logentry",
  "pk": 54,
  "fields": {
    "action_time": "2023-03-26T09:25:29.272Z",
    "user": 1,
    "content_type": 7,
    "object_id": "258",
    "object_repr": "Friend protect everything environment set.",
    "action_flag": 3,
    "change_message": ""
  }
},
{
  "model": "admin.logentry",
  "pk": 55,
  "fields": {
    "action_time": "2023-03-26T09:25:29.275Z",
    "user": 1,
    "content_type": 7,
    "object_id": "259",
    "object_repr": "Sound event computer war none.",
    "action_flag": 3,
    "change_message": ""
  }
},
{
  "model": "admin.logentry",
  "pk": 56,
  "fields": {
    "action_time": "2023-03-26T09:25:29.277Z",
    "user": 1,
    "content_type": 7,
    "object_id": "260",
    "object_repr": "Country research technology social.",
    "action_flag": 3,
    "change_message": ""
  }
},
{
  "model": "admin.logentry",
  "pk": 57,
  "fields": {
    "action_time": "2023-03-26T09:25:29.280Z",
    "user": 1,
    "content_type": 7,
    "object_id": "261",
    "object_repr": "Food lose doctor thing nature enough Mrs.",
    "action_flag": 3,
    "change_message": ""
  }
},
{
  "model": "admin.logentry",
  "pk": 58,
  "fields": {
    "action_time": "2023-03-26T09:25:29.282Z",
    "user": 1,
    "content_type": 7,
    "object_id": "262",
    "object_repr": "Heavy executive step car effect but college.",
    "action_flag": 3,
    "change_message": ""
  }
},
{
  "model": "admin.logentry",
  "pk": 59,
  "fields": {
    "action_time": "2023-03-26T09:25:29.284Z",
    "user": 1,
    "content_type": 7,
    "object_id": "263",
    "object_repr": "Out whole outside entire most.",
    "action_flag": 3,
    "change_message": ""
  }
},
{
  "model": "admin.logentry",
  "pk": 60,
  "fields": {
    "action_time": "2023-03-26T09:25:29.287Z",
    "user": 1,
    "content_type": 7,
    "object_id": "264",
    "object_repr": "Without market simple still effort clear prepare.",
    "action_flag": 3,
    "change_message": ""
  }
},
{
  "model": "admin.logentry",
  "pk": 61,
  "fields": {
    "action_time": "2023-03-26T09:25:29.289Z",
    "user": 1,
    "content_type": 7,
    "object_id": "265",
    "object_repr": "Recent meet remember employee discuss research.",
    "action_flag": 3,
    "change_message": ""
  }
},
{
  "model": "admin.logentry",
  "pk": 62,
  "fields": {
    "action_time": "2023-03-26T09:25:29.292Z",
    "user": 1,
    "content_type": 7,
    "object_id": "266",
    "object_repr": "Oil feel learn management.",
    "action_flag": 3,
    "change_message": ""
  }
},
{
  "model": "admin.logentry",
  "pk": 63,
  "fields": {
    "action_time": "2023-03-26T09:25:29.294Z",
    "user": 1,
    "content_type": 7,
    "object_id": "267",
    "object_repr": "Subject walk process occur travel.",
    "action_flag": 3,
    "change_message": ""
  }
},
{
  "model": "admin.logentry",
  "pk": 64,
  "fields": {
    "action_time": "2023-03-26T09:25:29.296Z",
    "user": 1,
    "content_type": 7,
    "object_id": "268",
    "object_repr": "That kind hand very power hour.",
    "action_flag": 3,
    "change_message": ""
  }
},
{
  "model": "admin.logentry",
  "pk": 65,
  "fields": {
    "action_time": "2023-03-26T09:25:29.298Z",
    "user": 1,
    "content_type": 7,
    "object_id": "269",
    "object_repr": "Six whether kid customer have see market.",
    "action_flag": 3,
    "change_message": ""
  }
},
{
  "model": "admin.logentry",
  "pk": 66,
  "fields": {
    "action_time": "2023-03-26T09:25:29.300Z",
    "user": 1,
    "content_type": 7,
    "object_id": "270",
    "object_repr": "International offer sign check mind right writer picture.",
    "action_flag": 3,
    "change_message": ""
  }
},
{
  "model": "admin.logentry",
  "pk": 67,
  "fields": {
    "action_time": "2023-03-26T09:25:29.304Z",
    "user": 1,
    "content_type": 7,
    "object_id": "271",
    "object_repr": "Campaign reason tax hope bill foot.",
    "action_flag": 3,
    "change_message": ""
  }
},
{
  "model": "admin.logentry",
  "pk": 68,
  "fields": {
    "action_time": "2023-03-26T09:25:29.306Z",
    "user": 1,
    "content_type": 7,
    "object_id": "272",
    "object_repr": "Writer effort town every test share.",
    "action_flag": 3,
    "change_message": ""
  }
},
{
  "model": "admin.logentry",
  "pk": 69,
  "fields": {
    "action_time": "2023-03-26T09:25:29.308Z",
    "user": 1,
    "content_type": 7,
    "object_id": "273",
    "object_repr": "Free would college situation dog suggest.",
    "action_flag": 3,
    "change_message": ""
  }
},
{
  "model": "admin.logentry",
  "pk": 70,
  "fields": {
    "action_time": "2023-03-26T09:25:29.311Z",
    "user": 1,
    "content_type": 7,
    "object_id": "274",
    "object_repr": "Nor east appear week team.",
    "action_flag": 3,
    "change_message": ""
  }
},
{
  "model": "admin.logentry",
  "pk": 71,
  "fields": {
    "action_time": "2023-03-26T09:25:29.313Z",
    "user": 1,
    "content_type": 7,
    "object_id": "275",
    "object_repr": "Without defense same character industry fact street.",
    "action_flag": 3,
    "change_message": ""
  }
},
{
  "model": "admin.logentry",
  "pk": 72,
  "fields": {
    "action_time": "2023-03-26T09:25:29.315Z",
    "user": 1,
    "content_type": 7,
    "object_id": "276",
    "object_repr": "Wall ball maintain.",
    "action_flag": 3,
    "change_message": ""
  }
},
{
  "model": "admin.logentry",
  "pk": 73,
  "fields": {
    "action_time": "2023-03-26T09:25:29.317Z",
    "user": 1,
    "content_type": 7,
    "object_id": "277",
    "object_repr": "Lot do show week film work culture.",
    "action_flag": 3,
    "change_message": ""
  }
},
{
  "model": "admin.logentry",
  "pk": 74,
  "fields": {
    "action_time": "2023-03-26T09:25:29.320Z",
    "user": 1,
    "content_type": 7,
    "object_id": "278",
    "object_repr": "Almost different movie just compare.",
    "action_flag": 3,
    "change_message": ""
  }
},
{
  "model": "admin.logentry",
  "pk": 75,
  "fields": {
    "action_time": "2023-03-26T09:25:29.323Z",
    "user": 1,
    "content_type": 7,
    "object_id": "279",
    "object_repr": "Bring first single home write now message enjoy.",
    "action_flag": 3,
    "change_message": ""
  }
},
{
  "model": "admin.logentry",
  "pk": 76,
  "fields": {
    "action_time": "2023-03-26T09:25:29.327Z",
    "user": 1,
    "content_type": 7,
    "object_id": "280",
    "object_repr": "Able white run approach score charge newspaper hope.",
    "action_flag": 3,
    "change_message": ""
  }
},
{
  "model": "admin.logentry",
  "pk": 77,
  "fields": {
    "action_time": "2023-03-26T09:25:29.331Z",
    "user": 1,
    "content_type": 7,
    "object_id": "281",
    "object_repr": "Speak eight town end entire face.",
    "action_flag": 3,
    "change_message": ""
  }
},
{
  "model": "admin.logentry",
  "pk": 78,
  "fields": {
    "action_time": "2023-03-26T09:25:29.333Z",
    "user": 1,
    "content_type": 7,
    "object_id": "282",
    "object_repr": "Forward card world four hard avoid value.",
    "action_flag": 3,
    "change_message": ""
  }
},
{
  "model": "admin.logentry",
  "pk": 79,
  "fields": {
    "action_time": "2023-03-26T09:25:29.335Z",
    "user": 1,
    "content_type": 7,
    "object_id": "283",
    "object_repr": "Represent than air bit Mr simply.",
    "action_flag": 3,
    "change_message": ""
  }
},
{
  "model": "admin.logentry",
  "pk": 80,
  "fields": {
    "action_time": "2023-03-26T09:25:29.338Z",
    "user": 1,
    "content_type": 7,
    "object_id": "284",
    "object_repr": "Check level available recent.",
    "action_flag": 3,
    "change_message": ""
  }
},
{
  "model": "admin.logentry",
  "pk": 81,
  "fields": {
    "action_time": "2023-03-26T09:25:29.342Z",
    "user": 1,
    "content_type": 7,
    "object_id": "285",
    "object_repr": "Society budget note.",
    "action_flag": 3,
    "change_message": ""
  }
},
{
  "model": "admin.logentry",
  "pk": 82,
  "fields": {
    "action_time": "2023-03-26T09:25:29.344Z",
    "user": 1,
    "content_type": 7,
    "object_id": "286",
    "object_repr": "Sport debate night direction.",
    "action_flag": 3,
    "change_message": ""
  }
},
{
  "model": "admin.logentry",
  "pk": 83,
  "fields": {
    "action_time": "2023-03-26T09:43:15.332Z",
    "user": 1,
    "content_type": 7,
    "object_id": "287",
    "object_repr": "Least first message red dream take voice herself.",
    "action_flag": 3,
    "change_message": ""
  }
},
{
  "model": "admin.logentry",
  "pk": 84,
  "fields": {
    "action_time": "2023-03-26T09:43:15.336Z",
    "user": 1,
    "content_type": 7,
    "object_id": "288",
    "object_repr": "Bill citizen cold arm understand although style.",
    "action_flag": 3,
    "change_message": ""
  }
},
{
  "model": "admin.logentry",
  "pk": 85,
  "fields": {
    "action_time": "2023-03-26T09:43:15.339Z",
    "user": 1,
    "content_type": 7,
    "object_id": "289",
    "object_repr": "Ground week side follow know what shoulder leave.",
    "action_flag": 3,
    "change_message": ""
  }
},
{
  "model": "admin.logentry",
  "pk": 86,
  "fields": {
    "action_time": "2023-03-26T09:43:15.341Z",
    "user": 1,
    "content_type": 7,
    "object_id": "290",
    "object_repr": "Kind life when especially indeed health.",
    "action_flag": 3,
    "change_message": ""
  }
},
{
  "model": "admin.logentry",
  "pk": 87,
  "fields": {
    "action_time": "2023-03-26T09:43:15.344Z",
    "user": 1,
    "content_type": 7,
    "object_id": "291",
    "object_repr": "Because century deal pick onto improve impact.",
    "action_flag": 3,
    "change_message": ""
  }
},
{
  "model": "admin.logentry",
  "pk": 88,
  "fields": {
    "action_time": "2023-03-26T09:43:15.346Z",
    "user": 1,
    "content_type": 7,
    "object_id": "292",
    "object_repr": "Born create late new be despite.",
    "action_flag": 3,
    "change_message": ""
  }
},
{
  "model": "admin.logentry",
  "pk": 89,
  "fields": {
    "action_time": "2023-03-26T09:43:15.348Z",
    "user": 1,
    "content_type": 7,
    "object_id": "293",
    "object_repr": "South heart get marriage record.",
    "action_flag": 3,
    "change_message": ""
  }
},
{
  "model": "admin.logentry",
  "pk": 90,
  "fields": {
    "action_time": "2023-03-26T09:43:15.353Z",
    "user": 1,
    "content_type": 7,
    "object_id": "294",
    "object_repr": "Model gas kid enough member.",
    "action_flag": 3,
    "change_message": ""
  }
},
{
  "model": "admin.logentry",
  "pk": 91,
  "fields": {
    "action_time": "2023-03-26T09:43:15.356Z",
    "user": 1,
    "content_type": 7,
    "object_id": "295",
    "object_repr": "Think live drive.",
    "action_flag": 3,
    "change_message": ""
  }
},
{
  "model": "admin.logentry",
  "pk": 92,
  "fields": {
    "action_time": "2023-03-26T09:43:15.359Z",
    "user": 1,
    "content_type": 7,
    "object_id": "296",
    "object_repr": "Production human statement player late.",
    "action_flag": 3,
    "change_message": ""
  }
},
{
  "model": "admin.logentry",
  "pk": 93,
  "fields": {
    "action_time": "2023-03-26T09:43:15.362Z",
    "user": 1,
    "content_type": 7,
    "object_id": "297",
    "object_repr": "Ground turn mention executive family everything.",
    "action_flag": 3,
    "change_message": ""
  }
},
{
  "model": "admin.logentry",
  "pk": 94,
  "fields": {
    "action_time": "2023-03-26T09:43:15.366Z",
    "user": 1,
    "content_type": 7,
    "object_id": "298",
    "object_repr": "Plant into ten.",
    "action_flag": 3,
    "change_message": ""
  }
},
{
  "model": "admin.logentry",
  "pk": 95,
  "fields": {
    "action_time": "2023-03-26T09:43:15.369Z",
    "user": 1,
    "content_type": 7,
    "object_id": "299",
    "object_repr": "Several across character.",
    "action_flag": 3,
    "change_message": ""
  }
},
{
  "model": "admin.logentry",
  "pk": 96,
  "fields": {
    "action_time": "2023-03-26T09:43:15.372Z",
    "user": 1,
    "content_type": 7,
    "object_id": "300",
    "object_repr": "Cover start movie party.",
    "action_flag": 3,
    "change_message": ""
  }
},
{
  "model": "admin.logentry",
  "pk": 97,
  "fields": {
    "action_time": "2023-03-26T09:43:15.374Z",
    "user": 1,
    "content_type": 7,
    "object_id": "301",
    "object_repr": "Candidate foreign when of special either.",
    "action_flag": 3,
    "change_message": ""
  }
},
{
  "model": "admin.logentry",
  "pk": 98,
  "fields": {
    "action_time": "2023-03-26T09:43:15.377Z",
    "user": 1,
    "content_type": 7,
    "object_id": "302",
    "object_repr": "Occur market operation financial.",
    "action_flag": 3,
    "change_message": ""
  }
},
{
  "model": "admin.logentry",
  "pk": 99,
  "fields": {
    "action_time": "2023-03-26T09:43:15.379Z",
    "user": 1,
    "content_type": 7,
    "object_id": "303",
    "object_repr": "Those him down in guy figure.",
    "action_flag": 3,
    "change_message": ""
  }
},
{
  "model": "admin.logentry",
  "pk": 100,
  "fields": {
    "action_time": "2023-03-26T09:43:15.382Z",
    "user": 1,
    "content_type": 7,
    "object_id": "304",
    "object_repr": "Begin themselves hot performance.",
    "action_flag": 3,
    "change_message": ""
  }
},
{
  "model": "admin.logentry",
  "pk": 101,
  "fields": {
    "action_time": "2023-03-26T09:43:15.387Z",
    "user": 1,
    "content_type": 7,
    "object_id": "305",
    "object_repr": "Through successful perhaps audience society.",
    "action_flag": 3,
    "change_message": ""
  }
},
{
  "model": "admin.logentry",
  "pk": 102,
  "fields": {
    "action_time": "2023-03-26T09:43:15.390Z",
    "user": 1,
    "content_type": 7,
    "object_id": "306",
    "object_repr": "Group explain within eight.",
    "action_flag": 3,
    "change_message": ""
  }
},
{
  "model": "admin.logentry",
  "pk": 103,
  "fields": {
    "action_time": "2023-03-26T09:43:15.392Z",
    "user": 1,
    "content_type": 7,
    "object_id": "307",
    "object_repr": "Suddenly order these law yet girl other.",
    "action_flag": 3,
    "change_message": ""
  }
},
{
  "model": "admin.logentry",
  "pk": 104,
  "fields": {
    "action_time": "2023-03-26T09:43:15.395Z",
    "user": 1,
    "content_type": 7,
    "object_id": "308",
    "object_repr": "Season hotel list available particular.",
    "action_flag": 3,
    "change_message": ""
  }
},
{
  "model": "admin.logentry",
  "pk": 105,
  "fields": {
    "action_time": "2023-03-26T09:43:15.398Z",
    "user": 1,
    "content_type": 7,
    "object_id": "309",
    "object_repr": "Moment even dog relate two continue.",
    "action_flag": 3,
    "change_message": ""
  }
},
{
  "model": "admin.logentry",
  "pk": 106,
  "fields": {
    "action_time": "2023-03-26T09:43:15.402Z",
    "user": 1,
    "content_type": 7,
    "object_id": "310",
    "object_repr": "Open born training bring coach tend seek.",
    "action_flag": 3,
    "change_message": ""
  }
},
{
  "model": "admin.logentry",
  "pk": 107,
  "fields": {
    "action_time": "2023-03-26T09:43:15.404Z",
    "user": 1,
    "content_type": 7,
    "object_id": "311",
    "object_repr": "Apply on better article my detail.",
    "action_flag": 3,
    "change_message": ""
  }
},
{
  "model": "admin.logentry",
  "pk": 108,
  "fields": {
    "action_time": "2023-03-26T09:43:15.406Z",
    "user": 1,
    "content_type": 7,
    "object_id": "312",
    "object_repr": "Indeed to American career.",
    "action_flag": 3,
    "change_message": ""
  }
},
{
  "model": "admin.logentry",
  "pk": 109,
  "fields": {
    "action_time": "2023-03-26T09:43:15.408Z",
    "user": 1,
    "content_type": 7,
    "object_id": "313",
    "object_repr": "Keep improve follow above change company.",
    "action_flag": 3,
    "change_message": ""
  }
},
{
  "model": "admin.logentry",
  "pk": 110,
  "fields": {
    "action_time": "2023-03-26T09:43:15.411Z",
    "user": 1,
    "content_type": 7,
    "object_id": "314",
    "object_repr": "Cost security way kitchen eight far.",
    "action_flag": 3,
    "change_message": ""
  }
},
{
  "model": "admin.logentry",
  "pk": 111,
  "fields": {
    "action_time": "2023-03-26T09:43:15.414Z",
    "user": 1,
    "content_type": 7,
    "object_id": "315",
    "object_repr": "Return notice structure nation.",
    "action_flag": 3,
    "change_message": ""
  }
},
{
  "model": "admin.logentry",
  "pk": 112,
  "fields": {
    "action_time": "2023-03-26T09:43:15.417Z",
    "user": 1,
    "content_type": 7,
    "object_id": "316",
    "object_repr": "Treat child expect look.",
    "action_flag": 3,
    "change_message": ""
  }
},
{
  "model": "admin.logentry",
  "pk": 113,
  "fields": {
    "action_time": "2023-03-26T09:43:15.421Z",
    "user": 1,
    "content_type": 7,
    "object_id": "317",
    "object_repr": "Trade company you carry resource.",
    "action_flag": 3,
    "change_message": ""
  }
},
{
  "model": "admin.logentry",
  "pk": 114,
  "fields": {
    "action_time": "2023-03-26T09:43:15.423Z",
    "user": 1,
    "content_type": 7,
    "object_id": "318",
    "object_repr": "At article dog.",
    "action_flag": 3,
    "change_message": ""
  }
},
{
  "model": "admin.logentry",
  "pk": 115,
  "fields": {
    "action_time": "2023-03-26T09:43:15.428Z",
    "user": 1,
    "content_type": 7,
    "object_id": "319",
    "object_repr": "Participant one customer peace Democrat middle.",
    "action_flag": 3,
    "change_message": ""
  }
},
{
  "model": "admin.logentry",
  "pk": 116,
  "fields": {
    "action_time": "2023-03-26T09:43:15.430Z",
    "user": 1,
    "content_type": 7,
    "object_id": "320",
    "object_repr": "Let current six general occur role.",
    "action_flag": 3,
    "change_message": ""
  }
},
{
  "model": "admin.logentry",
  "pk": 117,
  "fields": {
    "action_time": "2023-03-26T09:43:15.433Z",
    "user": 1,
    "content_type": 7,
    "object_id": "321",
    "object_repr": "Relationship day hour product.",
    "action_flag": 3,
    "change_message": ""
  }
},
{
  "model": "admin.logentry",
  "pk": 118,
  "fields": {
    "action_time": "2023-03-26T09:43:15.438Z",
    "user": 1,
    "content_type": 7,
    "object_id": "322",
    "object_repr": "Three theory grow throughout.",
    "action_flag": 3,
    "change_message": ""
  }
},
{
  "model": "admin.logentry",
  "pk": 119,
  "fields": {
    "action_time": "2023-03-26T09:43:15.440Z",
    "user": 1,
    "content_type": 7,
    "object_id": "323",
    "object_repr": "High cup gun form why police.",
    "action_flag": 3,
    "change_message": ""
  }
},
{
  "model": "admin.logentry",
  "pk": 120,
  "fields": {
    "action_time": "2023-03-26T09:43:15.442Z",
    "user": 1,
    "content_type": 7,
    "object_id": "324",
    "object_repr": "Many nothing difference police democratic very per.",
    "action_flag": 3,
    "change_message": ""
  }
},
{
  "model": "admin.logentry",
  "pk": 121,
  "fields": {
    "action_time": "2023-03-26T09:43:15.444Z",
    "user": 1,
    "content_type": 7,
    "object_id": "325",
    "object_repr": "Career tax have billion.",
    "action_flag": 3,
    "change_message": ""
  }
},
{
  "model": "admin.logentry",
  "pk": 122,
  "fields": {
    "action_time": "2023-03-26T09:43:15.447Z",
    "user": 1,
    "content_type": 7,
    "object_id": "326",
    "object_repr": "Practice also side claim care.",
    "action_flag": 3,
    "change_message": ""
  }
},
{
  "model": "admin.logentry",
  "pk": 123,
  "fields": {
    "action_time": "2023-03-26T09:52:18.426Z",
    "user": 1,
    "content_type": 7,
    "object_id": "327",
    "object_repr": "Mean form wind situation.",
    "action_flag": 3,
    "change_message": ""
  }
},
{
  "model": "admin.logentry",
  "pk": 124,
  "fields": {
    "action_time": "2023-03-26T09:52:18.431Z",
    "user": 1,
    "content_type": 7,
    "object_id": "328",
    "object_repr": "Try off culture woman.",
    "action_flag": 3,
    "change_message": ""
  }
},
{
  "model": "admin.logentry",
  "pk": 125,
  "fields": {
    "action_time": "2023-03-26T09:52:18.435Z",
    "user": 1,
    "content_type": 7,
    "object_id": "329",
    "object_repr": "Throw task threat policy.",
    "action_flag": 3,
    "change_message": ""
  }
},
{
  "model": "admin.logentry",
  "pk": 126,
  "fields": {
    "action_time": "2023-03-26T09:52:18.442Z",
    "user": 1,
    "content_type": 7,
    "object_id": "330",
    "object_repr": "Challenge my must.",
    "action_flag": 3,
    "change_message": ""
  }
},
{
  "model": "admin.logentry",
  "pk": 127,
  "fields": {
    "action_time": "2023-03-26T09:52:18.445Z",
    "user": 1,
    "content_type": 7,
    "object_id": "331",
    "object_repr": "Actually find hospital stay economy of.",
    "action_flag": 3,
    "change_message": ""
  }
},
{
  "model": "admin.logentry",
  "pk": 128,
  "fields": {
    "action_time": "2023-03-26T09:52:18.449Z",
    "user": 1,
    "content_type": 7,
    "object_id": "332",
    "object_repr": "Property family per during.",
    "action_flag": 3,
    "change_message": ""
  }
},
{
  "model": "admin.logentry",
  "pk": 129,
  "fields": {
    "action_time": "2023-03-26T09:52:18.452Z",
    "user": 1,
    "content_type": 7,
    "object_id": "333",
    "object_repr": "Second maybe car.",
    "action_flag": 3,
    "change_message": ""
  }
},
{
  "model": "admin.logentry",
  "pk": 130,
  "fields": {
    "action_time": "2023-03-26T09:52:18.458Z",
    "user": 1,
    "content_type": 7,
    "object_id": "334",
    "object_repr": "Without when question never.",
    "action_flag": 3,
    "change_message": ""
  }
},
{
  "model": "admin.logentry",
  "pk": 131,
  "fields": {
    "action_time": "2023-03-26T09:52:18.463Z",
    "user": 1,
    "content_type": 7,
    "object_id": "335",
    "object_repr": "Poor management social purpose middle contain wife.",
    "action_flag": 3,
    "change_message": ""
  }
},
{
  "model": "admin.logentry",
  "pk": 132,
  "fields": {
    "action_time": "2023-03-26T09:52:18.466Z",
    "user": 1,
    "content_type": 7,
    "object_id": "336",
    "object_repr": "Wall on then particular beyond parent serve off.",
    "action_flag": 3,
    "change_message": ""
  }
},
{
  "model": "admin.logentry",
  "pk": 133,
  "fields": {
    "action_time": "2023-03-26T09:52:18.470Z",
    "user": 1,
    "content_type": 7,
    "object_id": "337",
    "object_repr": "Play safe keep sell image could.",
    "action_flag": 3,
    "change_message": ""
  }
},
{
  "model": "admin.logentry",
  "pk": 134,
  "fields": {
    "action_time": "2023-03-26T09:52:18.472Z",
    "user": 1,
    "content_type": 7,
    "object_id": "338",
    "object_repr": "Food bill they partner.",
    "action_flag": 3,
    "change_message": ""
  }
},
{
  "model": "admin.logentry",
  "pk": 135,
  "fields": {
    "action_time": "2023-03-26T09:52:18.475Z",
    "user": 1,
    "content_type": 7,
    "object_id": "339",
    "object_repr": "Measure station concern talk.",
    "action_flag": 3,
    "change_message": ""
  }
},
{
  "model": "admin.logentry",
  "pk": 136,
  "fields": {
    "action_time": "2023-03-26T09:52:18.477Z",
    "user": 1,
    "content_type": 7,
    "object_id": "340",
    "object_repr": "Candidate forget remain effect war.",
    "action_flag": 3,
    "change_message": ""
  }
},
{
  "model": "admin.logentry",
  "pk": 137,
  "fields": {
    "action_time": "2023-03-26T09:52:18.479Z",
    "user": 1,
    "content_type": 7,
    "object_id": "341",
    "object_repr": "Behind customer wish in hotel stop short.",
    "action_flag": 3,
    "change_message": ""
  }
},
{
  "model": "admin.logentry",
  "pk": 138,
  "fields": {
    "action_time": "2023-03-26T09:52:18.482Z",
    "user": 1,
    "content_type": 7,
    "object_id": "342",
    "object_repr": "Radio effort nice.",
    "action_flag": 3,
    "change_message": ""
  }
},
{
  "model": "admin.logentry",
  "pk": 139,
  "fields": {
    "action_time": "2023-03-26T09:52:18.485Z",
    "user": 1,
    "content_type": 7,
    "object_id": "343",
    "object_repr": "Believe language structure worry to position economy officer.",
    "action_flag": 3,
    "change_message": ""
  }
},
{
  "model": "admin.logentry",
  "pk": 140,
  "fields": {
    "action_time": "2023-03-26T09:52:18.488Z",
    "user": 1,
    "content_type": 7,
    "object_id": "344",
    "object_repr": "When agreement hospital majority want less.",
    "action_flag": 3,
    "change_message": ""
  }
},
{
  "model": "admin.logentry",
  "pk": 141,
  "fields": {
    "action_time": "2023-03-26T09:52:18.491Z",
    "user": 1,
    "content_type": 7,
    "object_id": "345",
    "object_repr": "Ready join quality little on.",
    "action_flag": 3,
    "change_message": ""
  }
},
{
  "model": "admin.logentry",
  "pk": 142,
  "fields": {
    "action_time": "2023-03-26T09:52:18.497Z",
    "user": 1,
    "content_type": 7,
    "object_id": "346",
    "object_repr": "Total tell after friend see sort.",
    "action_flag": 3,
    "change_message": ""
  }
},
{
  "model": "admin.logentry",
  "pk": 143,
  "fields": {
    "action_time": "2023-03-26T09:52:18.502Z",
    "user": 1,
    "content_type": 7,
    "object_id": "347",
    "object_repr": "Television without feeling care court low hour.",
    "action_flag": 3,
    "change_message": ""
  }
},
{
  "model": "admin.logentry",
  "pk": 144,
  "fields": {
    "action_time": "2023-03-26T09:52:18.504Z",
    "user": 1,
    "content_type": 7,
    "object_id": "348",
    "object_repr": "Prepare place day agency.",
    "action_flag": 3,
    "change_message": ""
  }
},
{
  "model": "admin.logentry",
  "pk": 145,
  "fields": {
    "action_time": "2023-03-26T09:52:18.507Z",
    "user": 1,
    "content_type": 7,
    "object_id": "349",
    "object_repr": "Range college whatever deep already away over through.",
    "action_flag": 3,
    "change_message": ""
  }
},
{
  "model": "admin.logentry",
  "pk": 146,
  "fields": {
    "action_time": "2023-03-26T09:52:18.510Z",
    "user": 1,
    "content_type": 7,
    "object_id": "350",
    "object_repr": "Threat size about that information create.",
    "action_flag": 3,
    "change_message": ""
  }
},
{
  "model": "admin.logentry",
  "pk": 147,
  "fields": {
    "action_time": "2023-03-26T09:52:18.513Z",
    "user": 1,
    "content_type": 7,
    "object_id": "351",
    "object_repr": "Give of pass age write question threat.",
    "action_flag": 3,
    "change_message": ""
  }
},
{
  "model": "admin.logentry",
  "pk": 148,
  "fields": {
    "action_time": "2023-03-26T09:52:18.517Z",
    "user": 1,
    "content_type": 7,
    "object_id": "352",
    "object_repr": "Throw his spend program series main require college.",
    "action_flag": 3,
    "change_message": ""
  }
},
{
  "model": "admin.logentry",
  "pk": 149,
  "fields": {
    "action_time": "2023-03-26T09:52:18.521Z",
    "user": 1,
    "content_type": 7,
    "object_id": "353",
    "object_repr": "Material subject personal role scientist.",
    "action_flag": 3,
    "change_message": ""
  }
},
{
  "model": "admin.logentry",
  "pk": 150,
  "fields": {
    "action_time": "2023-03-26T09:52:18.524Z",
    "user": 1,
    "content_type": 7,
    "object_id": "354",
    "object_repr": "Toward culture remember spring.",
    "action_flag": 3,
    "change_message": ""
  }
},
{
  "model": "admin.logentry",
  "pk": 151,
  "fields": {
    "action_time": "2023-03-26T09:52:18.529Z",
    "user": 1,
    "content_type": 7,
    "object_id": "355",
    "object_repr": "Between name score.",
    "action_flag": 3,
    "change_message": ""
  }
},
{
  "model": "admin.logentry",
  "pk": 152,
  "fields": {
    "action_time": "2023-03-26T09:52:18.535Z",
    "user": 1,
    "content_type": 7,
    "object_id": "356",
    "object_repr": "How investment north forward accept show future.",
    "action_flag": 3,
    "change_message": ""
  }
},
{
  "model": "admin.logentry",
  "pk": 153,
  "fields": {
    "action_time": "2023-03-26T09:52:18.539Z",
    "user": 1,
    "content_type": 7,
    "object_id": "357",
    "object_repr": "Guess administration approach raise.",
    "action_flag": 3,
    "change_message": ""
  }
},
{
  "model": "admin.logentry",
  "pk": 154,
  "fields": {
    "action_time": "2023-03-26T09:52:18.543Z",
    "user": 1,
    "content_type": 7,
    "object_id": "358",
    "object_repr": "New stage fire somebody skin.",
    "action_flag": 3,
    "change_message": ""
  }
},
{
  "model": "admin.logentry",
  "pk": 155,
  "fields": {
    "action_time": "2023-03-26T09:52:18.547Z",
    "user": 1,
    "content_type": 7,
    "object_id": "359",
    "object_repr": "Can grow director education.",
    "action_flag": 3,
    "change_message": ""
  }
},
{
  "model": "admin.logentry",
  "pk": 156,
  "fields": {
    "action_time": "2023-03-26T09:52:18.550Z",
    "user": 1,
    "content_type": 7,
    "object_id": "360",
    "object_repr": "Debate war it music.",
    "action_flag": 3,
    "change_message": ""
  }
},
{
  "model": "admin.logentry",
  "pk": 157,
  "fields": {
    "action_time": "2023-03-26T09:52:18.553Z",
    "user": 1,
    "content_type": 7,
    "object_id": "361",
    "object_repr": "Store eight newspaper meeting determine human wide ever.",
    "action_flag": 3,
    "change_message": ""
  }
},
{
  "model": "admin.logentry",
  "pk": 158,
  "fields": {
    "action_time": "2023-03-26T09:52:18.556Z",
    "user": 1,
    "content_type": 7,
    "object_id": "362",
    "object_repr": "None discover popular better actually behavior.",
    "action_flag": 3,
    "change_message": ""
  }
},
{
  "model": "admin.logentry",
  "pk": 159,
  "fields": {
    "action_time": "2023-03-26T09:52:18.558Z",
    "user": 1,
    "content_type": 7,
    "object_id": "363",
    "object_repr": "Three factor bit site reach claim war.",
    "action_flag": 3,
    "change_message": ""
  }
},
{
  "model": "admin.logentry",
  "pk": 160,
  "fields": {
    "action_time": "2023-03-26T09:52:18.565Z",
    "user": 1,
    "content_type": 7,
    "object_id": "364",
    "object_repr": "Themselves then new church party measure.",
    "action_flag": 3,
    "change_message": ""
  }
},
{
  "model": "admin.logentry",
  "pk": 161,
  "fields": {
    "action_time": "2023-03-26T09:52:18.568Z",
    "user": 1,
    "content_type": 7,
    "object_id": "365",
    "object_repr": "Issue position later and student.",
    "action_flag": 3,
    "change_message": ""
  }
},
{
  "model": "admin.logentry",
  "pk": 162,
  "fields": {
    "action_time": "2023-03-26T09:52:18.571Z",
    "user": 1,
    "content_type": 7,
    "object_id": "366",
    "object_repr": "Just anyone return together attack difficult live speak.",
    "action_flag": 3,
    "change_message": ""
  }
},
{
  "model": "admin.logentry",
  "pk": 163,
  "fields": {
    "action_time": "2023-03-26T09:52:18.573Z",
    "user": 1,
    "content_type": 7,
    "object_id": "367",
    "object_repr": "Enter for effect free.",
    "action_flag": 3,
    "change_message": ""
  }
},
{
  "model": "admin.logentry",
  "pk": 164,
  "fields": {
    "action_time": "2023-03-26T09:52:18.575Z",
    "user": 1,
    "content_type": 7,
    "object_id": "368",
    "object_repr": "Turn task common drug guess education white activity.",
    "action_flag": 3,
    "change_message": ""
  }
},
{
  "model": "admin.logentry",
  "pk": 165,
  "fields": {
    "action_time": "2023-03-26T09:52:18.579Z",
    "user": 1,
    "content_type": 7,
    "object_id": "369",
    "object_repr": "Stage agreement among book citizen store newspaper bad.",
    "action_flag": 3,
    "change_message": ""
  }
},
{
  "model": "admin.logentry",
  "pk": 166,
  "fields": {
    "action_time": "2023-03-26T09:52:18.582Z",
    "user": 1,
    "content_type": 7,
    "object_id": "370",
    "object_repr": "Painting arm sell culture culture cold fear threat.",
    "action_flag": 3,
    "change_message": ""
  }
},
{
  "model": "admin.logentry",
  "pk": 167,
  "fields": {
    "action_time": "2023-03-26T09:52:18.585Z",
    "user": 1,
    "content_type": 7,
    "object_id": "371",
    "object_repr": "Education trip free serious spring hold.",
    "action_flag": 3,
    "change_message": ""
  }
},
{
  "model": "admin.logentry",
  "pk": 168,
  "fields": {
    "action_time": "2023-03-28T16:16:01.605Z",
    "user": 1,
    "content_type": 7,
    "object_id": "412",
    "object_repr": "markdown post",
    "action_flag": 1,
    "change_message": "[{\"added\": {}}]"
  }
},
{
  "model": "auth.user",
  "pk": 1,
  "fields": {
    "password": "pbkdf2_sha256$390000$ABWQaGSO7NeUtC1Z8kYcPb$0Ik4yH8Vbp6pBsqFMnfS5kOrHTGfFcE647PMPBM6MGE=",
    "last_login": "2023-03-25T10:25:21.157Z",
    "is_superuser": true,
    "username": "mac",
    "first_name": "",
    "last_name": "",
    "email": "admin@mailer.com",
    "is_staff": true,
    "is_active": true,
    "date_joined": "2023-03-23T04:50:27.555Z",
    "groups": [],
    "user_permissions": []
  }
},
{
  "model": "sessions.session",
  "pk": "swkkd6qr59epgif349mlqftlvvu5wl6i",
  "fields": {
    "session_data": ".eJxVjDsOwjAQBe_iGlmss_5R0nOGaO1dcADZUpxUiLtDpBTQvpl5LzXSupRx7TKPE6uTAnX43RLlh9QN8J3qrenc6jJPSW-K3mnXl8byPO_u30GhXr41eoPJ2MBDlqs7IgTGQD5ytuhM8OSCwIAQMVIKDhwkIW-zFTQgRtT7A8F7Nx8:1pg15N:DWcplT6-IdFJXrpleUBj_RoDrBmVFvdKDQytijMcR7s",
    "expire_date": "2023-04-08T10:25:21.162Z"
  }
}
]
